case_id,environment,exclusion_class,reason,disposition,calibration_class,provider_calls_before_omission,source_member
rope__paper_clarity=easy_implementation_style=easy_notation_mismatch=easy_visible_tests=easy_hidden_context=easy_interaction_depth=easy_investigation_difficulty=easy_symptom_mask=easy__seed-0,rope,unsupported_provider_input_modality,provider_input_modality_unsupported,omitted_before_scoring,,,campaign_report.json#/campaign_omissions
rope__paper_clarity=hard_implementation_style=easy_notation_mismatch=easy_visible_tests=easy_hidden_context=easy_interaction_depth=easy_investigation_difficulty=easy_symptom_mask=easy__seed-0,rope,unsupported_provider_input_modality,provider_input_modality_unsupported,omitted_before_scoring,,,campaign_report.json#/campaign_omissions
rope__paper_clarity=medium_implementation_style=easy_notation_mismatch=easy_visible_tests=easy_hidden_context=easy_interaction_depth=easy_investigation_difficulty=easy_symptom_mask=easy__seed-0,rope,unsupported_provider_input_modality,provider_input_modality_unsupported,omitted_before_scoring,,,campaign_report.json#/campaign_omissions
rope__paper_clarity=easy_implementation_style=hard_notation_mismatch=easy_visible_tests=easy_hidden_context=easy_interaction_depth=easy_investigation_difficulty=easy_symptom_mask=easy__seed-0,rope,unsupported_provider_input_modality,provider_input_modality_unsupported,omitted_before_scoring,,,campaign_report.json#/campaign_omissions
rope__paper_clarity=easy_implementation_style=medium_notation_mismatch=easy_visible_tests=easy_hidden_context=easy_interaction_depth=easy_investigation_difficulty=easy_symptom_mask=easy__seed-0,rope,unsupported_provider_input_modality,provider_input_modality_unsupported,omitted_before_scoring,,,campaign_report.json#/campaign_omissions
rope__paper_clarity=easy_implementation_style=easy_notation_mismatch=hard_visible_tests=easy_hidden_context=easy_interaction_depth=easy_investigation_difficulty=easy_symptom_mask=easy__seed-0,rope,unsupported_provider_input_modality,provider_input_modality_unsupported,omitted_before_scoring,,,campaign_report.json#/campaign_omissions
rope__paper_clarity=easy_implementation_style=easy_notation_mismatch=medium_visible_tests=easy_hidden_context=easy_interaction_depth=easy_investigation_difficulty=easy_symptom_mask=easy__seed-0,rope,unsupported_provider_input_modality,provider_input_modality_unsupported,omitted_before_scoring,,,campaign_report.json#/campaign_omissions
rope__paper_clarity=easy_implementation_style=easy_notation_mismatch=easy_visible_tests=hard_hidden_context=easy_interaction_depth=easy_investigation_difficulty=easy_symptom_mask=easy__seed-0,rope,unsupported_provider_input_modality,provider_input_modality_unsupported,omitted_before_scoring,,,campaign_report.json#/campaign_omissions
rope__paper_clarity=easy_implementation_style=easy_notation_mismatch=easy_visible_tests=medium_hidden_context=easy_interaction_depth=easy_investigation_difficulty=easy_symptom_mask=easy__seed-0,rope,unsupported_provider_input_modality,provider_input_modality_unsupported,omitted_before_scoring,,,campaign_report.json#/campaign_omissions
rope__paper_clarity=easy_implementation_style=easy_notation_mismatch=easy_visible_tests=easy_hidden_context=hard_interaction_depth=easy_investigation_difficulty=easy_symptom_mask=easy__seed-0,rope,unsupported_provider_input_modality,provider_input_modality_unsupported,omitted_before_scoring,,,campaign_report.json#/campaign_omissions
rope__paper_clarity=easy_implementation_style=easy_notation_mismatch=easy_visible_tests=easy_hidden_context=medium_interaction_depth=easy_investigation_difficulty=easy_symptom_mask=easy__seed-0,rope,unsupported_provider_input_modality,provider_input_modality_unsupported,omitted_before_scoring,,,campaign_report.json#/campaign_omissions
rope__paper_clarity=easy_implementation_style=easy_notation_mismatch=easy_visible_tests=easy_hidden_context=easy_interaction_depth=hard_investigation_difficulty=easy_symptom_mask=easy__seed-0,rope,unsupported_provider_input_modality,provider_input_modality_unsupported,omitted_before_scoring,,,campaign_report.json#/campaign_omissions
rope__paper_clarity=easy_implementation_style=easy_notation_mismatch=easy_visible_tests=easy_hidden_context=easy_interaction_depth=medium_investigation_difficulty=easy_symptom_mask=easy__seed-0,rope,unsupported_provider_input_modality,provider_input_modality_unsupported,omitted_before_scoring,,,campaign_report.json#/campaign_omissions
rope__paper_clarity=easy_implementation_style=easy_notation_mismatch=easy_visible_tests=easy_hidden_context=easy_interaction_depth=easy_investigation_difficulty=hard_symptom_mask=easy__seed-0,rope,unsupported_provider_input_modality,provider_input_modality_unsupported,omitted_before_scoring,,,campaign_report.json#/campaign_omissions
rope__paper_clarity=easy_implementation_style=easy_notation_mismatch=easy_visible_tests=easy_hidden_context=easy_interaction_depth=easy_investigation_difficulty=medium_symptom_mask=easy__seed-0,rope,unsupported_provider_input_modality,provider_input_modality_unsupported,omitted_before_scoring,,,campaign_report.json#/campaign_omissions
rope__paper_clarity=easy_implementation_style=easy_notation_mismatch=easy_visible_tests=easy_hidden_context=easy_interaction_depth=easy_investigation_difficulty=easy_symptom_mask=hard__seed-0,rope,unsupported_provider_input_modality,provider_input_modality_unsupported,omitted_before_scoring,,,campaign_report.json#/campaign_omissions
rope__paper_clarity=easy_implementation_style=easy_notation_mismatch=easy_visible_tests=easy_hidden_context=easy_interaction_depth=easy_investigation_difficulty=easy_symptom_mask=medium__seed-0,rope,unsupported_provider_input_modality,provider_input_modality_unsupported,omitted_before_scoring,,,campaign_report.json#/campaign_omissions
glyph__architecture=easy_optimizer=hard_red_herring=easy_visible_tests=easy_data_clue=easy_symptom_mask=easy__seed-0,glyph,known_gate_calibration_failure,known_gate_blocked_calibration_failures,omitted_before_provider_access,reference_exists_per_environment_not_per_vector,0,campaign_report.json#/known_gate_blocked_omissions
glyph__architecture=easy_optimizer=medium_red_herring=easy_visible_tests=easy_data_clue=easy_symptom_mask=easy__seed-0,glyph,known_gate_calibration_failure,known_gate_blocked_calibration_failures,omitted_before_provider_access,reference_exists_per_environment_not_per_vector,0,campaign_report.json#/known_gate_blocked_omissions
moco__naming=hard_distractors=easy_queue_math=easy_temperature=easy_visible_tests=easy_symptom_mask=easy__seed-0,moco,known_gate_calibration_failure,known_gate_blocked_calibration_failures,omitted_before_provider_access,oracle_assumes_easy_layout,0,campaign_report.json#/known_gate_blocked_omissions
moco__naming=medium_distractors=easy_queue_math=easy_temperature=easy_visible_tests=easy_symptom_mask=easy__seed-0,moco,known_gate_calibration_failure,known_gate_blocked_calibration_failures,omitted_before_provider_access,oracle_assumes_easy_layout,0,campaign_report.json#/known_gate_blocked_omissions
glyph__architecture=hard_optimizer=easy_red_herring=easy_visible_tests=easy_data_clue=easy_symptom_mask=easy__seed-0,glyph,known_gate_calibration_failure,known_gate_blocked_calibration_failures,omitted_before_provider_access,negative_control_is_not_a_negative_control,0,campaign_report.json#/known_gate_blocked_omissions
glyph__architecture=easy_optimizer=easy_red_herring=easy_visible_tests=easy_data_clue=easy_symptom_mask=hard__seed-0,glyph,known_gate_calibration_failure,known_gate_blocked_calibration_failures,omitted_before_provider_access,negative_control_is_not_a_negative_control,0,campaign_report.json#/known_gate_blocked_omissions
glyph__architecture=easy_optimizer=easy_red_herring=hard_visible_tests=easy_data_clue=easy_symptom_mask=easy__seed-0,glyph,known_gate_calibration_failure,known_gate_blocked_calibration_failures,omitted_before_provider_access,reference_does_not_solve_its_own_instance,0,campaign_report.json#/known_gate_blocked_omissions
