environment,recorded_cases,performance_eligible_cases,passes_performance_set,fails_performance_set,pass_rate_performance_set,provider_failure_exclusions,recorded_behavioral_reference,recorded_compile_only,behavioral_reference_n,behavioral_reference_passes,behavioral_reference_fails,compile_only_n,compile_only_passes,compile_only_fails
architecture_naturality,5,5,5,0,1.0,0,0,5,0,0,0,5,5,0
batchnorm_ema,11,11,0,11,0.0,0,0,11,0,0,0,11,0,11
categorical_lenses,5,5,4,1,0.8,0,5,0,5,4,1,0,0,0
ci_dependency_graph,5,5,5,0,1.0,0,5,0,5,5,0,0,0,0
compositional_optimizer,5,5,3,2,0.6,0,0,5,0,0,0,5,3,2
css_state_machine,5,5,3,2,0.6,0,5,0,5,3,2,0,0,0
epistemic_games,7,7,7,0,1.0,0,7,0,7,7,0,0,0,0
equivariant_diagram,5,5,5,0,1.0,0,0,5,0,0,0,5,5,0
functorial_augmentation,5,5,2,3,0.4,0,0,5,0,0,0,5,2,3
glyph,8,8,0,8,0.0,0,8,0,8,0,8,0,0,0
gnn_message_passing,5,5,0,5,0.0,0,0,5,0,0,0,5,0,5
moco,11,11,9,2,0.8181818181818182,0,11,0,11,9,2,0,0,0
monadic_reward,5,5,1,4,0.2,0,0,5,0,0,0,5,1,4
neuro_symbolic_parser,5,5,4,1,0.8,0,0,5,0,0,0,5,4,1
rd_adaptive_halting,11,11,9,2,0.8181818181818182,0,0,11,0,0,0,11,9,2
rd_gradient_credit,11,11,11,0,1.0,0,0,11,0,0,0,11,11,0
rd_state_carry,11,11,11,0,1.0,0,11,0,11,11,0,0,0,0
regex_state_machine,5,5,3,2,0.6,0,5,0,5,3,2,0,0,0
semiring_unification,5,5,5,0,1.0,0,0,5,0,0,0,5,5,0
sheaf_invariant_gluing,5,5,5,0,1.0,0,0,5,0,0,0,5,5,0
sheaf_physical_constraints,5,4,0,4,0.0,1,0,5,0,0,0,4,0,4
sheaf_schema_sync,5,5,1,4,0.2,0,0,5,0,0,0,5,1,4
spreadsheet_dataflow,5,5,5,0,1.0,0,5,0,5,5,0,0,0,0
sql_fixed_point,5,5,4,1,0.8,0,5,0,5,4,1,0,0,0
ssm_parallel_scan,5,5,5,0,1.0,0,0,5,0,0,0,5,5,0
stochastic_monad,5,5,5,0,1.0,0,0,5,0,0,0,5,5,0
template_interpreter,5,5,5,0,1.0,0,5,0,5,5,0,0,0,0
tensor_functor,5,5,2,3,0.4,0,0,5,0,0,0,5,2,3
tokenizer_adjunction,5,5,5,0,1.0,0,0,5,0,0,0,5,5,0
transformer_ssm_lift,5,5,5,0,1.0,0,0,5,0,0,0,5,5,0
ts_one_step,3,3,0,3,0.0,0,0,3,0,0,0,3,0,3
ts_parse_only,3,3,2,1,0.6666666666666666,0,0,3,0,0,0,3,2,1
ts_trajectory,3,2,0,2,0.0,1,0,3,0,0,0,2,0,2
