case_id,environment,analysis_family,recorded_track,judge_guarantee,performance_eligible,exclusion_reason,score,failure_mode_raw,final_notes,final_metrics
css_state_machine__surface_deceptiveness=easy_hidden_depth=easy__seed-0,css_state_machine,weird_machine,weird_machine,behavioral_reference,True,,0.416667,underfit,[],"{""changed_files"": [""css_logic.py""], ""missing_required_files"": [], ""trusted_score"": 0.5}"
css_state_machine__surface_deceptiveness=easy_hidden_depth=medium__seed-0,css_state_machine,weird_machine,weird_machine,behavioral_reference,True,,0.0,source_invalid,"[""Source validation failed:\nVIOLATIONS:\n  css_logic.py: Line 42: disallowed import 're' (top-level 're' not in allowlist)\n\nNOTE: This validator is NOT a security sandbox. Docker isolation is.\nSome bypasses (getattr, string concat, etc.) are not caught here.\n\n""]",{}
moco__naming=easy_distractors=easy_queue_math=easy_temperature=easy_visible_tests=easy_symptom_mask=hard__seed-0,moco,ml_debugging,ml_debugging,behavioral_reference,True,,0.0,patch_invalid,"[""Patch validation failed:\nFAIL: Patch file is empty\n\n""]",{}
moco__naming=easy_distractors=easy_queue_math=easy_temperature=easy_visible_tests=medium_symptom_mask=easy__seed-0,moco,ml_debugging,ml_debugging,behavioral_reference,True,,0.95,overfit_visible_tests,"[""Patch does not touch all required cross-context files; missing: moco_model.py"", ""temperature_cancelled""]","{""changed_files"": [""queue_ops.py""], ""missing_required_files"": [""moco_model.py""], ""test_feature_variance"": 1.673591, ""train_feature_variance"": 1.687745, ""trusted_score"": 1.0}"
rd_adaptive_halting__recurrence_depth=easy_clue_clarity=easy_visible_tests=easy_implementation_obfuscation=easy_batching_complexity=easy__seed-0,rd_adaptive_halting,recurrent_depth_behavioral,recurrent_depth_behavioral,compile_only,True,,0.0,source_invalid,"[""Source validation failed:\nVIOLATIONS:\n  halting.py: SyntaxError: unexpected indent (halting.py, line 15)\n\nNOTE: This validator is NOT a security sandbox. Docker isolation is.\nSome bypasses (getattr, string concat, etc.) are not caught here.\n\n""]",{}
rd_adaptive_halting__recurrence_depth=easy_clue_clarity=easy_visible_tests=easy_implementation_obfuscation=medium_batching_complexity=easy__seed-0,rd_adaptive_halting,recurrent_depth_behavioral,recurrent_depth_behavioral,compile_only,True,,0.0,RUNTIME_ERROR,"[""where expected condition to be a boolean tensor, but got a tensor with dtype Float""]","{""changed_files"": [""halting.py""], ""missing_required_files"": []}"
regex_state_machine__surface_deceptiveness=hard_hidden_depth=easy__seed-0,regex_state_machine,weird_machine,weird_machine,behavioral_reference,True,,0.208333,underfit,"[""Morphism Error Report: Collapsed on length mismatch (in=32, out=66). ""]","{""changed_files"": [""regex_machine.py""], ""missing_required_files"": [], ""trace_forensics"": {""boundary_collapse"": ""length mismatch (in=32, out=66)"", ""failed_rules"": []}, ""trusted_score"": 0.25}"
regex_state_machine__surface_deceptiveness=medium_hidden_depth=easy__seed-0,regex_state_machine,weird_machine,weird_machine,behavioral_reference,True,,0.208333,underfit,"[""Morphism Error Report: Collapsed on length mismatch (in=32, out=34). ""]","{""changed_files"": [""regex_machine.py""], ""missing_required_files"": [], ""trace_forensics"": {""boundary_collapse"": ""length mismatch (in=32, out=34)"", ""failed_rules"": []}, ""trusted_score"": 0.25}"
sql_fixed_point__surface_deceptiveness=easy_hidden_depth=medium__seed-0,sql_fixed_point,weird_machine,weird_machine,behavioral_reference,True,,0.0,source_invalid,"[""Source validation failed:\nVIOLATIONS:\n  query_module.py: SyntaxError: unterminated triple-quoted string literal (detected at line 25) (query_module.py, line 21)\n\nNOTE: This validator is NOT a security sandbox. Docker isolation is.\nSome bypasses (getattr, string concat, etc.) are not caught here.\n\n""]",{}
