config_path,source_revision,axis,placeholder,template_placeholder_files,literal_key_or_name_files,source_reference_status,axis_block_sha256
envs/batchnorm_ema/config.yaml,d7357092493f311f649a0742889b301d796911b5,optimizer_hint,ACCUM_STEPS,"[""files/train.py""]","[""files/train.py""]",placeholder referenced in environment file templates,b15521916a0e2511f7114dc1fa6d909e393b2da8911299d61669322c6e593f4d
envs/batchnorm_ema/config.yaml,d7357092493f311f649a0742889b301d796911b5,optimizer_hint,OPT_COMMENT,"[""files/train.py""]","[""files/train.py""]",placeholder referenced in environment file templates,b15521916a0e2511f7114dc1fa6d909e393b2da8911299d61669322c6e593f4d
envs/batchnorm_ema/config.yaml,d7357092493f311f649a0742889b301d796911b5,red_herring,SYNC_CONTEXT_CLOSE,"[""files/train.py""]","[""files/train.py""]",placeholder referenced in environment file templates,ae63fe57b078682d5b69c3e24f1bdcf95877642f8377036683a09a926567731e
envs/batchnorm_ema/config.yaml,d7357092493f311f649a0742889b301d796911b5,red_herring,SYNC_CONTEXT_OPEN,"[""files/train.py""]","[""files/train.py""]",placeholder referenced in environment file templates,ae63fe57b078682d5b69c3e24f1bdcf95877642f8377036683a09a926567731e
envs/batchnorm_ema/config.yaml,d7357092493f311f649a0742889b301d796911b5,red_herring,SYNC_IMPORT,"[""files/train.py""]","[""files/train.py""]",placeholder referenced in environment file templates,ae63fe57b078682d5b69c3e24f1bdcf95877642f8377036683a09a926567731e
envs/batchnorm_ema/config.yaml,d7357092493f311f649a0742889b301d796911b5,visible_tests,VISIBLE_BN_TEST,"[""files/visible_tests.py""]","[""files/visible_tests.py""]",placeholder referenced in environment file templates,dc81e7ed6bfebff08dce3e284a3c8b01651e8a4eb810035c0128112a8242be4d
envs/batchnorm_ema/config.yaml,d7357092493f311f649a0742889b301d796911b5,data_complexity,DATASET_TYPE,"[""files/train.py""]","[""files/train.py""]",placeholder referenced in environment file templates,5472314dbb03ff7955f1e37569d50f660ed996ee50083ac095a2001da86cb0c9
envs/batchnorm_ema/config.yaml,d7357092493f311f649a0742889b301d796911b5,data_complexity,EPOCHS,"[""files/train.py""]","[""files/train.py""]",placeholder referenced in environment file templates,5472314dbb03ff7955f1e37569d50f660ed996ee50083ac095a2001da86cb0c9
envs/batchnorm_ema/config.yaml,d7357092493f311f649a0742889b301d796911b5,data_complexity,NUM_CLASSES,"[""files/judge.py"", ""files/model.py"", ""files/train.py"", ""files/visible_tests.py""]","[""files/judge.py"", ""files/model.py"", ""files/train.py"", ""files/visible_tests.py""]",placeholder referenced in environment file templates,5472314dbb03ff7955f1e37569d50f660ed996ee50083ac095a2001da86cb0c9
envs/batchnorm_ema/config.yaml,d7357092493f311f649a0742889b301d796911b5,symptom_mask,GHOST_OVERFIT_BUG,"[""files/model.py""]","[""files/model.py""]",placeholder referenced in environment file templates,d96f5a297ef87a4fd5ac2dd40b6ff92a4180a8fabb19e108ef14299b74627bf6
envs/cat_theo/architecture_naturality/config.yaml,d7357092493f311f649a0742889b301d796911b5,naming,MODEL_CLASS,"[""files/converter.py"", ""files/judge.py"", ""files/prompt.md"", ""files/visible_tests.py""]","[""files/converter.py"", ""files/judge.py"", ""files/prompt.md"", ""files/visible_tests.py""]",placeholder referenced in environment file templates,b118d4965a831e44137e3bc9c06d9e48ce62702bcd12ff687fed380242889f20
envs/cat_theo/architecture_naturality/config.yaml,d7357092493f311f649a0742889b301d796911b5,naming,MODEL_FILE,[],[],no reference in environment file templates,b118d4965a831e44137e3bc9c06d9e48ce62702bcd12ff687fed380242889f20
envs/cat_theo/architecture_naturality/config.yaml,d7357092493f311f649a0742889b301d796911b5,symptom_mask,CHECK_DIM,[],[],no reference in environment file templates,185f4c1c0200a0241eb693ce30eeb7d3de8dab9734a3bb440995cc4a4baa8cd9
envs/cat_theo/categorical_lenses/config.yaml,d7357092493f311f649a0742889b301d796911b5,naming,MODEL_CLASS,"[""files/judge.py"", ""files/lenses.py"", ""files/prompt.md"", ""files/visible_tests.py""]","[""files/judge.py"", ""files/lenses.py"", ""files/prompt.md"", ""files/visible_tests.py""]",placeholder referenced in environment file templates,2554e94060730cb00a32ad7cd82b4d5c0b0a7ab3a40c380140022fac42cfc45d
envs/cat_theo/categorical_lenses/config.yaml,d7357092493f311f649a0742889b301d796911b5,naming,MODEL_FILE,[],[],no reference in environment file templates,2554e94060730cb00a32ad7cd82b4d5c0b0a7ab3a40c380140022fac42cfc45d
envs/cat_theo/categorical_lenses/config.yaml,d7357092493f311f649a0742889b301d796911b5,symptom_mask,STRICT_LAWS,[],[],no reference in environment file templates,21203a609a8aad4068cdf18aca7e0a2a2e8d2ee88bc556e65da2c900786a6bc3
envs/cat_theo/compositional_optimizer/config.yaml,d7357092493f311f649a0742889b301d796911b5,naming,MODEL_CLASS,[],[],no reference in environment file templates,bdde9f701b5fdd187a32b6390d4cc9fe0d4c73687c0be94ee70ff5d691055311
envs/cat_theo/compositional_optimizer/config.yaml,d7357092493f311f649a0742889b301d796911b5,naming,MODEL_FILE,[],[],no reference in environment file templates,bdde9f701b5fdd187a32b6390d4cc9fe0d4c73687c0be94ee70ff5d691055311
envs/cat_theo/compositional_optimizer/config.yaml,d7357092493f311f649a0742889b301d796911b5,symptom_mask,LR_VAL,[],[],no reference in environment file templates,cf8436c9cd9959e8bab9a03b2082204705c2b2084c4951e0c786f2565af584fa
envs/cat_theo/equivariant_diagram/config.yaml,d7357092493f311f649a0742889b301d796911b5,naming,MODEL_CLASS,"[""files/judge.py"", ""files/layers.py"", ""files/prompt.md"", ""files/visible_tests.py""]","[""files/judge.py"", ""files/layers.py"", ""files/prompt.md"", ""files/visible_tests.py""]",placeholder referenced in environment file templates,d9964ffa1f049bfd10a2b7bdc379da62ac6ee40300011c5fb704cac7c9b56434
envs/cat_theo/equivariant_diagram/config.yaml,d7357092493f311f649a0742889b301d796911b5,naming,MODEL_FILE,[],[],no reference in environment file templates,d9964ffa1f049bfd10a2b7bdc379da62ac6ee40300011c5fb704cac7c9b56434
envs/cat_theo/equivariant_diagram/config.yaml,d7357092493f311f649a0742889b301d796911b5,symptom_mask,SYMMETRY_DIM,[],[],no reference in environment file templates,d26138af9767022c15d7dfb9fff3ebb57fbe007229bdc9e59744d369e01379e0
envs/cat_theo/functorial_augmentation/config.yaml,d7357092493f311f649a0742889b301d796911b5,naming,MODEL_CLASS,"[""files/dataset.py"", ""files/judge.py"", ""files/prompt.md"", ""files/visible_tests.py""]","[""files/dataset.py"", ""files/judge.py"", ""files/prompt.md"", ""files/visible_tests.py""]",placeholder referenced in environment file templates,f304d0d2daaa269dc8a35a136588025f23e31a1cd174d50d6edddb99ba9deb9c
envs/cat_theo/functorial_augmentation/config.yaml,d7357092493f311f649a0742889b301d796911b5,naming,MODEL_FILE,[],[],no reference in environment file templates,f304d0d2daaa269dc8a35a136588025f23e31a1cd174d50d6edddb99ba9deb9c
envs/cat_theo/functorial_augmentation/config.yaml,d7357092493f311f649a0742889b301d796911b5,symptom_mask,AUG_PARAM,[],[],no reference in environment file templates,590a253bdf44d57f7a1ef93f478476c3eed8ee5cc268ab14347565b81c7f3989
envs/cat_theo/monadic_reward/config.yaml,d7357092493f311f649a0742889b301d796911b5,naming,MODEL_CLASS,"[""files/agent_code.py"", ""files/judge.py"", ""files/prompt.md"", ""files/visible_tests.py""]","[""files/agent_code.py"", ""files/judge.py"", ""files/prompt.md"", ""files/visible_tests.py""]",placeholder referenced in environment file templates,a2bee484e212b83d93751dc396f4a2e0d6241550e439f7350e35fc60a7e2f0bf
envs/cat_theo/monadic_reward/config.yaml,d7357092493f311f649a0742889b301d796911b5,naming,MODEL_FILE,[],[],no reference in environment file templates,a2bee484e212b83d93751dc396f4a2e0d6241550e439f7350e35fc60a7e2f0bf
envs/cat_theo/monadic_reward/config.yaml,d7357092493f311f649a0742889b301d796911b5,symptom_mask,SIDE_EFFECT_CHECK,[],[],no reference in environment file templates,8a83ab3d2cc9c7c69eab2254ed6a66876c5619d32bbeac48138978de8f8544b8
envs/cat_theo/semiring/gnn_message_passing/config.yaml,d7357092493f311f649a0742889b301d796911b5,naming,MODEL_CLASS,"[""files/gnn.py"", ""files/judge.py"", ""files/prompt.md"", ""files/visible_tests.py""]","[""files/gnn.py"", ""files/judge.py"", ""files/prompt.md"", ""files/visible_tests.py""]",placeholder referenced in environment file templates,4320d364403e4267a8f8385e2fa83fb9b5dbd7e549a2dd0c4ab7c992c27e8cf8
envs/cat_theo/semiring/gnn_message_passing/config.yaml,d7357092493f311f649a0742889b301d796911b5,naming,MODEL_FILE,[],[],no reference in environment file templates,4320d364403e4267a8f8385e2fa83fb9b5dbd7e549a2dd0c4ab7c992c27e8cf8
envs/cat_theo/semiring/gnn_message_passing/config.yaml,d7357092493f311f649a0742889b301d796911b5,symptom_mask,TOLERANCE,"[""files/judge.py""]","[""files/judge.py""]",placeholder referenced in environment file templates,8d2d07e360fcd82aca1494640185ae8a8a35b467fc5e785c8d01de17259f2cb3
envs/cat_theo/semiring/neuro_symbolic_parser/config.yaml,d7357092493f311f649a0742889b301d796911b5,naming,MODEL_CLASS,"[""files/judge.py"", ""files/parser.py"", ""files/visible_tests.py""]","[""files/judge.py"", ""files/parser.py"", ""files/visible_tests.py""]",placeholder referenced in environment file templates,a9dd526a11edb5ed567c23b01afe62fdfba6e0a5c0b11c74968f46135ecc0c14
envs/cat_theo/semiring/neuro_symbolic_parser/config.yaml,d7357092493f311f649a0742889b301d796911b5,naming,MODEL_FILE,[],[],no reference in environment file templates,a9dd526a11edb5ed567c23b01afe62fdfba6e0a5c0b11c74968f46135ecc0c14
envs/cat_theo/semiring/neuro_symbolic_parser/config.yaml,d7357092493f311f649a0742889b301d796911b5,symptom_mask,TOLERANCE,[],[],no reference in environment file templates,20d2859f84de6043888b380d7fa6bea93cbb7b98b8114edfd3a88d67acc192da
envs/cat_theo/semiring/ssm_parallel_scan/config.yaml,d7357092493f311f649a0742889b301d796911b5,naming,MODEL_CLASS,"[""files/judge.py"", ""files/ssm.py"", ""files/visible_tests.py""]","[""files/judge.py"", ""files/ssm.py"", ""files/visible_tests.py""]",placeholder referenced in environment file templates,ecd41c9543621d7154d53175e9e3558a416b599a5165d1d341f4c70a0ded016b
envs/cat_theo/semiring/ssm_parallel_scan/config.yaml,d7357092493f311f649a0742889b301d796911b5,naming,MODEL_FILE,[],[],no reference in environment file templates,ecd41c9543621d7154d53175e9e3558a416b599a5165d1d341f4c70a0ded016b
envs/cat_theo/semiring/ssm_parallel_scan/config.yaml,d7357092493f311f649a0742889b301d796911b5,symptom_mask,TOLERANCE,"[""files/judge.py""]","[""files/judge.py""]",placeholder referenced in environment file templates,177d710ab09496ba51c7d9e233c75adee680341f1631208255447e23b9cf13ad
envs/cat_theo/semiring_unification/config.yaml,d7357092493f311f649a0742889b301d796911b5,naming,ARITH_CLASS,"[""files/judge.py"", ""files/prompt.md"", ""files/semirings.py"", ""files/visible_tests.py""]","[""files/judge.py"", ""files/prompt.md"", ""files/semirings.py"", ""files/visible_tests.py""]",placeholder referenced in environment file templates,5d27c85fd34c39ae96c2a5b892c458dafdbb81e9f60cbfaf63e6b33615b7d272
envs/cat_theo/semiring_unification/config.yaml,d7357092493f311f649a0742889b301d796911b5,naming,BOOL_CLASS,"[""files/judge.py"", ""files/prompt.md"", ""files/semirings.py""]","[""files/judge.py"", ""files/prompt.md"", ""files/semirings.py""]",placeholder referenced in environment file templates,5d27c85fd34c39ae96c2a5b892c458dafdbb81e9f60cbfaf63e6b33615b7d272
envs/cat_theo/semiring_unification/config.yaml,d7357092493f311f649a0742889b301d796911b5,naming,MODEL_FILE,[],[],no reference in environment file templates,5d27c85fd34c39ae96c2a5b892c458dafdbb81e9f60cbfaf63e6b33615b7d272
envs/cat_theo/semiring_unification/config.yaml,d7357092493f311f649a0742889b301d796911b5,naming,TROP_CLASS,"[""files/judge.py"", ""files/prompt.md"", ""files/semirings.py""]","[""files/judge.py"", ""files/prompt.md"", ""files/semirings.py""]",placeholder referenced in environment file templates,5d27c85fd34c39ae96c2a5b892c458dafdbb81e9f60cbfaf63e6b33615b7d272
envs/cat_theo/semiring_unification/config.yaml,d7357092493f311f649a0742889b301d796911b5,symptom_mask,INF_VAL,"[""files/judge.py""]","[""files/judge.py""]",placeholder referenced in environment file templates,cbc0d23e4b15cef33e31808bd4c1ea3197e5ed4e4cda91bb15aaea09380ee695
envs/cat_theo/sheaf/sheaf_invariant_gluing/config.yaml,d7357092493f311f649a0742889b301d796911b5,naming,MODEL_CLASS,"[""files/judge.py"", ""files/pipeline.py"", ""files/prompt.md"", ""files/visible_tests.py""]","[""files/judge.py"", ""files/pipeline.py"", ""files/prompt.md"", ""files/visible_tests.py""]",placeholder referenced in environment file templates,c1f7a9b9db94a7c96438e80171c1b3a99981a1778a15718e35c5870c62297258
envs/cat_theo/sheaf/sheaf_invariant_gluing/config.yaml,d7357092493f311f649a0742889b301d796911b5,naming,MODEL_FILE,[],[],no reference in environment file templates,c1f7a9b9db94a7c96438e80171c1b3a99981a1778a15718e35c5870c62297258
envs/cat_theo/sheaf/sheaf_invariant_gluing/config.yaml,d7357092493f311f649a0742889b301d796911b5,symptom_mask,THRESHOLD,"[""files/judge.py""]","[""files/judge.py""]",placeholder referenced in environment file templates,ab5b48e81272bca207f9f9f097ebebb613ad4b7dd15eba889ddf1a4b35df43c6
envs/cat_theo/sheaf/sheaf_physical_constraints/config.yaml,d7357092493f311f649a0742889b301d796911b5,naming,MODEL_CLASS,"[""files/judge.py"", ""files/prompt.md"", ""files/route.py"", ""files/visible_tests.py""]","[""files/judge.py"", ""files/prompt.md"", ""files/route.py"", ""files/visible_tests.py""]",placeholder referenced in environment file templates,a6d0a448ad5992530a4fca2bdbc5107c9a88f51c3dddd29b31771243eeeaea66
envs/cat_theo/sheaf/sheaf_physical_constraints/config.yaml,d7357092493f311f649a0742889b301d796911b5,naming,MODEL_FILE,[],[],no reference in environment file templates,a6d0a448ad5992530a4fca2bdbc5107c9a88f51c3dddd29b31771243eeeaea66
envs/cat_theo/sheaf/sheaf_physical_constraints/config.yaml,d7357092493f311f649a0742889b301d796911b5,symptom_mask,GLOBAL_CAP,"[""files/judge.py"", ""files/route.py""]","[""files/judge.py"", ""files/route.py""]",placeholder referenced in environment file templates,266bd279d9c363e80f7f28c787bd526cd642f8bfcea03ee1ef3fba73a045be1e
envs/cat_theo/sheaf/sheaf_schema_sync/config.yaml,d7357092493f311f649a0742889b301d796911b5,naming,MODEL_CLASS,"[""files/judge.py"", ""files/migration.py"", ""files/prompt.md"", ""files/visible_tests.py""]","[""files/judge.py"", ""files/migration.py"", ""files/prompt.md"", ""files/visible_tests.py""]",placeholder referenced in environment file templates,fb6ae45d6420ecf3ec162099ba0e23678033d53ae9522f1b796f8637664e57b9
envs/cat_theo/sheaf/sheaf_schema_sync/config.yaml,d7357092493f311f649a0742889b301d796911b5,naming,MODEL_FILE,[],[],no reference in environment file templates,fb6ae45d6420ecf3ec162099ba0e23678033d53ae9522f1b796f8637664e57b9
envs/cat_theo/sheaf/sheaf_schema_sync/config.yaml,d7357092493f311f649a0742889b301d796911b5,symptom_mask,DEFER_CONSTRAINTS,"[""files/migration.py""]","[""files/migration.py""]",placeholder referenced in environment file templates,f165ea9a12e3059f58d780eb788c23cc360563a63299fedded1cc95a27b59636
envs/cat_theo/stochastic_monad/config.yaml,d7357092493f311f649a0742889b301d796911b5,naming,MODEL_CLASS,"[""files/judge.py"", ""files/monad.py"", ""files/prompt.md"", ""files/visible_tests.py""]","[""files/judge.py"", ""files/monad.py"", ""files/prompt.md"", ""files/visible_tests.py""]",placeholder referenced in environment file templates,d8a80d2a82fe343eb054991d0532963ff87f5a76eb7b3006cbd119430e0eb332
envs/cat_theo/stochastic_monad/config.yaml,d7357092493f311f649a0742889b301d796911b5,naming,MODEL_FILE,[],[],no reference in environment file templates,d8a80d2a82fe343eb054991d0532963ff87f5a76eb7b3006cbd119430e0eb332
envs/cat_theo/stochastic_monad/config.yaml,d7357092493f311f649a0742889b301d796911b5,symptom_mask,SIGMA_VAL,[],[],no reference in environment file templates,14e3e4fa00f140c11aec76168b2d95275a0f86ae8f8554d1377a24e8deec2232
envs/cat_theo/tensor_functor/config.yaml,d7357092493f311f649a0742889b301d796911b5,naming,MODEL_CLASS,"[""files/judge.py"", ""files/model.py"", ""files/prompt.md"", ""files/visible_tests.py""]","[""files/judge.py"", ""files/model.py"", ""files/prompt.md"", ""files/visible_tests.py""]",placeholder referenced in environment file templates,24b0ba606b284c8247553189c296282a84d9287e86f52b66627e98a74f5ed7bc
envs/cat_theo/tensor_functor/config.yaml,d7357092493f311f649a0742889b301d796911b5,naming,MODEL_FILE,[],[],no reference in environment file templates,24b0ba606b284c8247553189c296282a84d9287e86f52b66627e98a74f5ed7bc
envs/cat_theo/tensor_functor/config.yaml,d7357092493f311f649a0742889b301d796911b5,symptom_mask,DIM_CHECK,"[""files/model.py""]","[""files/model.py""]",placeholder referenced in environment file templates,cfc072fce7866beb712f362497054026b5b9ab35d03234d55b5ff6fa054aeb7e
envs/cat_theo/tensor_functor/config.yaml,d7357092493f311f649a0742889b301d796911b5,symptom_mask,RIGID_SLICE,"[""files/model.py""]","[""files/model.py""]",placeholder referenced in environment file templates,cfc072fce7866beb712f362497054026b5b9ab35d03234d55b5ff6fa054aeb7e
envs/cat_theo/tokenizer_adjunction/config.yaml,d7357092493f311f649a0742889b301d796911b5,naming,MODEL_CLASS,"[""files/detokenizer.py"", ""files/judge.py"", ""files/prompt.md"", ""files/visible_tests.py""]","[""files/detokenizer.py"", ""files/judge.py"", ""files/prompt.md"", ""files/visible_tests.py""]",placeholder referenced in environment file templates,f236e8674ed4e9dcd197aecf09d40157ba5e573b807d5dfd9341964d3c0cdfe1
envs/cat_theo/tokenizer_adjunction/config.yaml,d7357092493f311f649a0742889b301d796911b5,naming,MODEL_FILE,[],[],no reference in environment file templates,f236e8674ed4e9dcd197aecf09d40157ba5e573b807d5dfd9341964d3c0cdfe1
envs/cat_theo/tokenizer_adjunction/config.yaml,d7357092493f311f649a0742889b301d796911b5,symptom_mask,UNICODE_SUPPORT,[],[],no reference in environment file templates,4428735a0b40050eb6d557e14c28abe529882b2bd5e1078b04092b3d152f6c2a
envs/cat_theo/transformer_ssm_lift/config.yaml,d7357092493f311f649a0742889b301d796911b5,naming,MODEL_CLASS,"[""files/judge.py"", ""files/lifter.py"", ""files/prompt.md"", ""files/visible_tests.py""]","[""files/judge.py"", ""files/lifter.py"", ""files/prompt.md"", ""files/visible_tests.py""]",placeholder referenced in environment file templates,b5cde4fd637e7c59e40f598296313405c18896f55c700103f65f17ffc6d98634
envs/cat_theo/transformer_ssm_lift/config.yaml,d7357092493f311f649a0742889b301d796911b5,naming,MODEL_FILE,[],[],no reference in environment file templates,b5cde4fd637e7c59e40f598296313405c18896f55c700103f65f17ffc6d98634
envs/cat_theo/transformer_ssm_lift/config.yaml,d7357092493f311f649a0742889b301d796911b5,symptom_mask,TOLERANCE,"[""files/judge.py""]","[""files/judge.py""]",placeholder referenced in environment file templates,46dc493dd698142b0be9a75645e049634be7d671b3485641fef31be9177a5566
envs/epistemic_games/config.yaml,d7357092493f311f649a0742889b301d796911b5,scenario,TEMPLATE_ID,[],"[""files/renderer.py""]",literal variable name referenced; inspect renderer/runtime use,3b86a6e5929f09f15da1d50a4a9d8d9bd671498cc6c9bdc5cc057b7158aff19a
envs/epistemic_games/config.yaml,d7357092493f311f649a0742889b301d796911b5,evidence,EVIDENCE_ID,[],"[""files/renderer.py""]",literal variable name referenced; inspect renderer/runtime use,fbd7b78fe1397038bcd15a9285e2130c12a87f0322a7cdd385cc8cc2cbbc0e9f
envs/epistemic_games/config.yaml,d7357092493f311f649a0742889b301d796911b5,presentation,PRESENTATION_ID,[],"[""files/renderer.py""]",literal variable name referenced; inspect renderer/runtime use,04ab4320ed991dfe817485677d2719d18fd44d6bd46500ec606fe3d95e2b0049
envs/epistemic_games/config.yaml,d7357092493f311f649a0742889b301d796911b5,prior,PRIOR_ID,[],"[""files/renderer.py""]",literal variable name referenced; inspect renderer/runtime use,478e1a9d832ed604939a137a7cd57c0b6c3c35203c6443e39e7d02915fcda695
envs/epistemic_games/config.yaml,d7357092493f311f649a0742889b301d796911b5,framing,FRAMING_ID,[],"[""files/renderer.py""]",literal variable name referenced; inspect renderer/runtime use,e40dd1b4ba30f245a7bee66fbb78ec36f4f91ab75af93ae928380a4198e225ea
envs/glyph/config.yaml,d7357092493f311f649a0742889b301d796911b5,architecture,ARCH_CLASSIFIER,"[""files/model.py""]","[""files/model.py""]",placeholder referenced in environment file templates,5801927745df219854a736a56da37a4c2c565e699c8a46de7966310bdb3a4188
envs/glyph/config.yaml,d7357092493f311f649a0742889b301d796911b5,architecture,ARCH_EXTRA_CLASS,"[""files/model.py""]","[""files/model.py""]",placeholder referenced in environment file templates,5801927745df219854a736a56da37a4c2c565e699c8a46de7966310bdb3a4188
envs/glyph/config.yaml,d7357092493f311f649a0742889b301d796911b5,architecture,ARCH_FORWARD_HEAD,"[""files/model.py""]","[""files/model.py""]",placeholder referenced in environment file templates,5801927745df219854a736a56da37a4c2c565e699c8a46de7966310bdb3a4188
envs/glyph/config.yaml,d7357092493f311f649a0742889b301d796911b5,architecture,GRID_SIZE,[],[],no reference in environment file templates,5801927745df219854a736a56da37a4c2c565e699c8a46de7966310bdb3a4188
envs/glyph/config.yaml,d7357092493f311f649a0742889b301d796911b5,architecture,POOL_LAYER,[],[],no reference in environment file templates,5801927745df219854a736a56da37a4c2c565e699c8a46de7966310bdb3a4188
envs/glyph/config.yaml,d7357092493f311f649a0742889b301d796911b5,architecture,SYMPTOM_MASK_POOLING,[],[],no reference in environment file templates,5801927745df219854a736a56da37a4c2c565e699c8a46de7966310bdb3a4188
envs/glyph/config.yaml,d7357092493f311f649a0742889b301d796911b5,optimizer,OPT_LINE,"[""files/train.py""]","[""files/train.py""]",placeholder referenced in environment file templates,da0eb71c66f61192b78e6acafcae50424ec81b81444bf502cb06884b32696824
envs/glyph/config.yaml,d7357092493f311f649a0742889b301d796911b5,red_herring,AUGMENT_CALL,"[""files/dataset.py""]","[""files/dataset.py""]",placeholder referenced in environment file templates,b29510f1ced9edb9a082bf4de5134b5d62783c3d5890918f4ee11e1003030cd5
envs/glyph/config.yaml,d7357092493f311f649a0742889b301d796911b5,red_herring,AUGMENT_CLASS,"[""files/dataset.py""]","[""files/dataset.py""]",placeholder referenced in environment file templates,b29510f1ced9edb9a082bf4de5134b5d62783c3d5890918f4ee11e1003030cd5
envs/glyph/config.yaml,d7357092493f311f649a0742889b301d796911b5,visible_tests,EXTRA_TESTS,"[""files/visible_tests.py""]","[""files/visible_tests.py""]",placeholder referenced in environment file templates,fdcfcdabfdd11d794004ef69a6c76356519db3f3783e3f48e5469cad77061a98
envs/glyph/config.yaml,d7357092493f311f649a0742889b301d796911b5,data_clue,CLASS_DEF_BLOCK,"[""files/dataset.py""]","[""files/dataset.py""]",placeholder referenced in environment file templates,001da07f727dbb825fe909bad299d844554a6b7b601580a746d208d9ba007869
envs/glyph/config.yaml,d7357092493f311f649a0742889b301d796911b5,data_clue,DATA_DOCSTRING,"[""files/dataset.py""]","[""files/dataset.py""]",placeholder referenced in environment file templates,001da07f727dbb825fe909bad299d844554a6b7b601580a746d208d9ba007869
envs/glyph/config.yaml,d7357092493f311f649a0742889b301d796911b5,symptom_mask,COORD_TRAP_CLASS,"[""files/model.py""]","[""files/model.py""]",placeholder referenced in environment file templates,0dee15c713ec9cda7736b439057a4fbd59053c0cd92edf2ac00088379252887d
envs/glyph/config.yaml,d7357092493f311f649a0742889b301d796911b5,symptom_mask,EVAL_IMG_SIZE,"[""files/judge.py""]","[""files/judge.py""]",placeholder referenced in environment file templates,0dee15c713ec9cda7736b439057a4fbd59053c0cd92edf2ac00088379252887d
envs/glyph/config.yaml,d7357092493f311f649a0742889b301d796911b5,symptom_mask,GRID_SIZE,[],[],no reference in environment file templates,0dee15c713ec9cda7736b439057a4fbd59053c0cd92edf2ac00088379252887d
envs/glyph/config.yaml,d7357092493f311f649a0742889b301d796911b5,symptom_mask,IMG_SIZE,"[""files/dataset.py""]","[""files/dataset.py"", ""files/visible_tests.py""]",placeholder referenced in environment file templates,0dee15c713ec9cda7736b439057a4fbd59053c0cd92edf2ac00088379252887d
envs/glyph/config.yaml,d7357092493f311f649a0742889b301d796911b5,symptom_mask,POOL_LAYER,[],[],no reference in environment file templates,0dee15c713ec9cda7736b439057a4fbd59053c0cd92edf2ac00088379252887d
envs/glyph/config.yaml,d7357092493f311f649a0742889b301d796911b5,symptom_mask,SYMPTOM_MASK_POOLING,[],[],no reference in environment file templates,0dee15c713ec9cda7736b439057a4fbd59053c0cd92edf2ac00088379252887d
envs/moco/config.yaml,d7357092493f311f649a0742889b301d796911b5,naming,DEQUEUE_FN,"[""files/model.py""]","[""files/model.py""]",placeholder referenced in environment file templates,3ade5c80d9c2d3bfb12d41424f7d1425a952a7d0832a235d41b0f4bddae64f75
envs/moco/config.yaml,d7357092493f311f649a0742889b301d796911b5,naming,K_VAR,"[""files/model.py""]","[""files/model.py""]",placeholder referenced in environment file templates,3ade5c80d9c2d3bfb12d41424f7d1425a952a7d0832a235d41b0f4bddae64f75
envs/moco/config.yaml,d7357092493f311f649a0742889b301d796911b5,naming,MODEL_CLASS,"[""files/eval.py"", ""files/judge.py"", ""files/model.py"", ""files/train.py""]","[""files/eval.py"", ""files/judge.py"", ""files/model.py"", ""files/train.py""]",placeholder referenced in environment file templates,3ade5c80d9c2d3bfb12d41424f7d1425a952a7d0832a235d41b0f4bddae64f75
envs/moco/config.yaml,d7357092493f311f649a0742889b301d796911b5,naming,MODEL_FILE,"[""files/judge.py"", ""files/prompt.md""]","[""files/judge.py"", ""files/prompt.md""]",placeholder referenced in environment file templates,3ade5c80d9c2d3bfb12d41424f7d1425a952a7d0832a235d41b0f4bddae64f75
envs/moco/config.yaml,d7357092493f311f649a0742889b301d796911b5,naming,MODEL_MODULE,"[""files/eval.py"", ""files/judge.py"", ""files/train.py""]","[""files/eval.py"", ""files/judge.py"", ""files/train.py""]",placeholder referenced in environment file templates,3ade5c80d9c2d3bfb12d41424f7d1425a952a7d0832a235d41b0f4bddae64f75
envs/moco/config.yaml,d7357092493f311f649a0742889b301d796911b5,naming,QUEUE_ATTR,"[""files/model.py""]","[""files/model.py""]",placeholder referenced in environment file templates,3ade5c80d9c2d3bfb12d41424f7d1425a952a7d0832a235d41b0f4bddae64f75
envs/moco/config.yaml,d7357092493f311f649a0742889b301d796911b5,naming,Q_VAR,"[""files/model.py""]","[""files/model.py""]",placeholder referenced in environment file templates,3ade5c80d9c2d3bfb12d41424f7d1425a952a7d0832a235d41b0f4bddae64f75
envs/moco/config.yaml,d7357092493f311f649a0742889b301d796911b5,distractors,DISTRACTOR_FORWARD,"[""files/model.py""]","[""files/model.py""]",placeholder referenced in environment file templates,2858e31d4b7cf368e5b67575a5e3ba7a5135fd1f1018b4d818fdbf37f380cbfd
envs/moco/config.yaml,d7357092493f311f649a0742889b301d796911b5,distractors,DISTRACTOR_INIT,"[""files/model.py""]","[""files/model.py""]",placeholder referenced in environment file templates,2858e31d4b7cf368e5b67575a5e3ba7a5135fd1f1018b4d818fdbf37f380cbfd
envs/moco/config.yaml,d7357092493f311f649a0742889b301d796911b5,distractors,Q_VAR,"[""files/model.py""]","[""files/model.py""]",placeholder referenced in environment file templates,2858e31d4b7cf368e5b67575a5e3ba7a5135fd1f1018b4d818fdbf37f380cbfd
envs/moco/config.yaml,d7357092493f311f649a0742889b301d796911b5,queue_math,BATCH_SIZE,"[""files/train.py""]","[""files/train.py""]",placeholder referenced in environment file templates,e7a562c0dad6baa0cecfb67d99781dbba0b6b339c2c62ecd96328b4219e931b5
envs/moco/config.yaml,d7357092493f311f649a0742889b301d796911b5,queue_math,DROP_LAST,"[""files/train.py""]","[""files/train.py""]",placeholder referenced in environment file templates,e7a562c0dad6baa0cecfb67d99781dbba0b6b339c2c62ecd96328b4219e931b5
envs/moco/config.yaml,d7357092493f311f649a0742889b301d796911b5,queue_math,K,"[""files/eval.py"", ""files/judge.py"", ""files/model.py"", ""files/train.py""]","[""files/eval.py"", ""files/judge.py"", ""files/model.py"", ""files/queue_ops.py"", ""files/train.py""]",placeholder referenced in environment file templates,e7a562c0dad6baa0cecfb67d99781dbba0b6b339c2c62ecd96328b4219e931b5
envs/moco/config.yaml,d7357092493f311f649a0742889b301d796911b5,queue_math,QUEUE_HINT,"[""files/prompt.md""]","[""files/prompt.md""]",placeholder referenced in environment file templates,e7a562c0dad6baa0cecfb67d99781dbba0b6b339c2c62ecd96328b4219e931b5
envs/moco/config.yaml,d7357092493f311f649a0742889b301d796911b5,temperature,K_VAR,"[""files/model.py""]","[""files/model.py""]",placeholder referenced in environment file templates,c93855a33ab463662cbf755ff3857e183b0655493ab46bbc89978873e6cffe88
envs/moco/config.yaml,d7357092493f311f649a0742889b301d796911b5,temperature,Q_VAR,"[""files/model.py""]","[""files/model.py""]",placeholder referenced in environment file templates,c93855a33ab463662cbf755ff3857e183b0655493ab46bbc89978873e6cffe88
envs/moco/config.yaml,d7357092493f311f649a0742889b301d796911b5,temperature,TEMP_COMMENT,"[""files/model.py""]","[""files/model.py""]",placeholder referenced in environment file templates,c93855a33ab463662cbf755ff3857e183b0655493ab46bbc89978873e6cffe88
envs/moco/config.yaml,d7357092493f311f649a0742889b301d796911b5,temperature,TEMP_HELPER,"[""files/model.py""]","[""files/model.py""]",placeholder referenced in environment file templates,c93855a33ab463662cbf755ff3857e183b0655493ab46bbc89978873e6cffe88
envs/moco/config.yaml,d7357092493f311f649a0742889b301d796911b5,temperature,TEMP_K,"[""files/model.py""]","[""files/model.py""]",placeholder referenced in environment file templates,c93855a33ab463662cbf755ff3857e183b0655493ab46bbc89978873e6cffe88
envs/moco/config.yaml,d7357092493f311f649a0742889b301d796911b5,temperature,TEMP_Q,"[""files/model.py""]","[""files/model.py""]",placeholder referenced in environment file templates,c93855a33ab463662cbf755ff3857e183b0655493ab46bbc89978873e6cffe88
envs/moco/config.yaml,d7357092493f311f649a0742889b301d796911b5,visible_tests,MODEL_CLASS,"[""files/eval.py"", ""files/judge.py"", ""files/model.py"", ""files/train.py""]","[""files/eval.py"", ""files/judge.py"", ""files/model.py"", ""files/train.py""]",placeholder referenced in environment file templates,d8e031f043cddb768ea45634af442f2a7b605114aede2d23ee996742b13513e2
envs/moco/config.yaml,d7357092493f311f649a0742889b301d796911b5,visible_tests,MODEL_MODULE,"[""files/eval.py"", ""files/judge.py"", ""files/train.py""]","[""files/eval.py"", ""files/judge.py"", ""files/train.py""]",placeholder referenced in environment file templates,d8e031f043cddb768ea45634af442f2a7b605114aede2d23ee996742b13513e2
envs/moco/config.yaml,d7357092493f311f649a0742889b301d796911b5,visible_tests,VISIBLE_TEST_BODY,"[""files/visible_tests.py""]","[""files/visible_tests.py""]",placeholder referenced in environment file templates,d8e031f043cddb768ea45634af442f2a7b605114aede2d23ee996742b13513e2
envs/moco/config.yaml,d7357092493f311f649a0742889b301d796911b5,symptom_mask,MOMENTUM_UPDATE_STEP,"[""files/model.py""]","[""files/model.py""]",placeholder referenced in environment file templates,8ffa51dbc3fd940a1d239f512096afa43179dd32aaaf0fe5f8c6bda40d39a9ae
envs/recurrent_depth/adaptive_halting/config.yaml,d7357092493f311f649a0742889b301d796911b5,recurrence_depth,HIDDEN_DEPTH,"[""files/judge.py"", ""files/prompt.md""]","[""files/judge.py"", ""files/prompt.md""]",placeholder referenced in environment file templates,4369bbb43f32046a5d6cf9fddd127933c3ab357477a9d695056189bf8da9601b
envs/recurrent_depth/adaptive_halting/config.yaml,d7357092493f311f649a0742889b301d796911b5,recurrence_depth,TRAIN_DEPTH,"[""files/judge.py"", ""files/prompt.md"", ""files/train.py""]","[""files/judge.py"", ""files/prompt.md"", ""files/train.py""]",placeholder referenced in environment file templates,4369bbb43f32046a5d6cf9fddd127933c3ab357477a9d695056189bf8da9601b
envs/recurrent_depth/adaptive_halting/config.yaml,d7357092493f311f649a0742889b301d796911b5,clue_clarity,CLUE,"[""files/prompt.md""]","[""files/prompt.md""]",placeholder referenced in environment file templates,43d38a42c81ee4fd22fe4c49243a1dbff1e08d004207ef1a636948fdf7805e6c
envs/recurrent_depth/adaptive_halting/config.yaml,d7357092493f311f649a0742889b301d796911b5,visible_tests,VISIBLE_TESTS,"[""files/visible_tests.py""]","[""files/visible_tests.py""]",placeholder referenced in environment file templates,1f1ecec1442384eab1c5663a13f38813d7e167657a72e0303b9c971a74754603
envs/recurrent_depth/adaptive_halting/config.yaml,d7357092493f311f649a0742889b301d796911b5,implementation_obfuscation,IMPLEMENTATION_NOTE,"[""files/halting.py"", ""files/prompt.md""]","[""files/halting.py"", ""files/prompt.md""]",placeholder referenced in environment file templates,61f52186a43900d81d0fe8255fbe64fdd77e8b0953155e65428d17052504bc05
envs/recurrent_depth/adaptive_halting/config.yaml,d7357092493f311f649a0742889b301d796911b5,batching_complexity,BATCH_SIZE,"[""files/train.py""]","[""files/train.py""]",placeholder referenced in environment file templates,213da0815ca95a9c04f68970136227d0f7587ed33d09aee8b76accaefa937804
envs/recurrent_depth/gradient_credit/config.yaml,d7357092493f311f649a0742889b301d796911b5,recurrence_depth,HIDDEN_DEPTH,"[""files/judge.py"", ""files/prompt.md""]","[""files/judge.py"", ""files/prompt.md""]",placeholder referenced in environment file templates,6239b4bc7c200fe026068728489e4c8d6a958dd7c26eb602bb7fef09c3b78e2a
envs/recurrent_depth/gradient_credit/config.yaml,d7357092493f311f649a0742889b301d796911b5,recurrence_depth,TRAIN_DEPTH,"[""files/judge.py"", ""files/prompt.md"", ""files/recurrent_block.py"", ""files/train.py""]","[""files/judge.py"", ""files/prompt.md"", ""files/recurrent_block.py"", ""files/train.py""]",placeholder referenced in environment file templates,6239b4bc7c200fe026068728489e4c8d6a958dd7c26eb602bb7fef09c3b78e2a
envs/recurrent_depth/gradient_credit/config.yaml,d7357092493f311f649a0742889b301d796911b5,clue_clarity,CLUE,"[""files/prompt.md""]","[""files/prompt.md""]",placeholder referenced in environment file templates,f35020377dff9f5a6e2f63096953c8c196c532c1fe28eb034ee8c4c6ffca2dfb
envs/recurrent_depth/gradient_credit/config.yaml,d7357092493f311f649a0742889b301d796911b5,visible_tests,VISIBLE_TESTS,"[""files/visible_tests.py""]","[""files/visible_tests.py""]",placeholder referenced in environment file templates,e9c375372226e185e3017bd01365ce31ade66a3520f5b6686c67899f37f218c1
envs/recurrent_depth/gradient_credit/config.yaml,d7357092493f311f649a0742889b301d796911b5,implementation_obfuscation,IMPLEMENTATION_NOTE,"[""files/prompt.md"", ""files/recurrent_block.py""]","[""files/prompt.md"", ""files/recurrent_block.py""]",placeholder referenced in environment file templates,360f3e815f82c486658ed09ca62f00da9e8f0928dc15ad8d3ba25a95331c8745
envs/recurrent_depth/gradient_credit/config.yaml,d7357092493f311f649a0742889b301d796911b5,batching_complexity,BATCH_SIZE,"[""files/train.py""]","[""files/train.py""]",placeholder referenced in environment file templates,bf82dc0f38943edda8e4a09c76472b9590e2113a0844a0ea8ea31f6943a48275
envs/recurrent_depth/state_carry/config.yaml,d7357092493f311f649a0742889b301d796911b5,recurrence_depth,HIDDEN_DEPTH,"[""files/judge.py"", ""files/prompt.md""]","[""files/judge.py"", ""files/prompt.md""]",placeholder referenced in environment file templates,f281b6856426558f91bf82299fe36711fa261291ab181a6c3466cfa41a16dd20
envs/recurrent_depth/state_carry/config.yaml,d7357092493f311f649a0742889b301d796911b5,recurrence_depth,TRAIN_DEPTH,"[""files/judge.py"", ""files/prompt.md"", ""files/recurrent_block.py"", ""files/train.py""]","[""files/judge.py"", ""files/prompt.md"", ""files/recurrent_block.py"", ""files/train.py""]",placeholder referenced in environment file templates,f281b6856426558f91bf82299fe36711fa261291ab181a6c3466cfa41a16dd20
envs/recurrent_depth/state_carry/config.yaml,d7357092493f311f649a0742889b301d796911b5,clue_clarity,CLUE,"[""files/prompt.md""]","[""files/prompt.md""]",placeholder referenced in environment file templates,3e8fdb9223545ede80142ff8adb39458b27421c6b4e7f3400f4e219ead1c384b
envs/recurrent_depth/state_carry/config.yaml,d7357092493f311f649a0742889b301d796911b5,visible_tests,VISIBLE_TESTS,"[""files/visible_tests.py""]","[""files/visible_tests.py""]",placeholder referenced in environment file templates,7304fea2ea5fc84d9607bda729b8a12cf960835bff1cc9a597dfcf56950b0e24
envs/recurrent_depth/state_carry/config.yaml,d7357092493f311f649a0742889b301d796911b5,implementation_obfuscation,IMPLEMENTATION_NOTE,"[""files/prompt.md"", ""files/recurrent_block.py""]","[""files/prompt.md"", ""files/recurrent_block.py""]",placeholder referenced in environment file templates,b01f4f9a44589e704d67df63d25d4b8f6a80022cdbfe7853cd6b6b02df5d1011
envs/recurrent_depth/state_carry/config.yaml,d7357092493f311f649a0742889b301d796911b5,batching_complexity,BATCH_SIZE,"[""files/train.py""]","[""files/train.py""]",placeholder referenced in environment file templates,8314bb958fbcd8fd8df9ede025ade86a3b14a58666ec87c10eb9c58c8bfb6fc1
envs/trajectory_semantics/one_step/config.yaml,d7357092493f311f649a0742889b301d796911b5,witness_status,C_RULE,[],[],no reference in environment file templates,4887e55a09951545dc016c73ef957fe2ece58a9a4503a66536dbd4f4d76bd7dc
envs/trajectory_semantics/one_step/config.yaml,d7357092493f311f649a0742889b301d796911b5,witness_status,C_RULE_RELABELED,[],[],no reference in environment file templates,4887e55a09951545dc016c73ef957fe2ece58a9a4503a66536dbd4f4d76bd7dc
envs/trajectory_semantics/one_step/config.yaml,d7357092493f311f649a0742889b301d796911b5,witness_status,SIBLING_C_RULE,[],[],no reference in environment file templates,4887e55a09951545dc016c73ef957fe2ece58a9a4503a66536dbd4f4d76bd7dc
envs/trajectory_semantics/one_step/config.yaml,d7357092493f311f649a0742889b301d796911b5,witness_status,SIBLING_C_RULE_RELABELED,[],[],no reference in environment file templates,4887e55a09951545dc016c73ef957fe2ece58a9a4503a66536dbd4f4d76bd7dc
envs/trajectory_semantics/one_step/config.yaml,d7357092493f311f649a0742889b301d796911b5,witness_status,WITNESS_STATUS,"[""files/task.py""]","[""files/task.py""]",placeholder referenced in environment file templates,4887e55a09951545dc016c73ef957fe2ece58a9a4503a66536dbd4f4d76bd7dc
envs/trajectory_semantics/one_step/config.yaml,d7357092493f311f649a0742889b301d796911b5,representation,C_RULE,[],[],no reference in environment file templates,464cfa2c72ef920b1ab558defe0ae33fe5c239b36aeea38bf4e8c48c860f0c7a
envs/trajectory_semantics/one_step/config.yaml,d7357092493f311f649a0742889b301d796911b5,representation,C_RULE_RELABELED,[],[],no reference in environment file templates,464cfa2c72ef920b1ab558defe0ae33fe5c239b36aeea38bf4e8c48c860f0c7a
envs/trajectory_semantics/one_step/config.yaml,d7357092493f311f649a0742889b301d796911b5,representation,NOISY_SPEC_TEXT,"[""files/task.py""]","[""files/judge.py"", ""files/task.py"", ""files/visible_tests.py""]",placeholder referenced in environment file templates,464cfa2c72ef920b1ab558defe0ae33fe5c239b36aeea38bf4e8c48c860f0c7a
envs/trajectory_semantics/one_step/config.yaml,d7357092493f311f649a0742889b301d796911b5,representation,RELABELED_SPEC_TEXT,"[""files/task.py""]","[""files/judge.py"", ""files/task.py""]",placeholder referenced in environment file templates,464cfa2c72ef920b1ab558defe0ae33fe5c239b36aeea38bf4e8c48c860f0c7a
envs/trajectory_semantics/one_step/config.yaml,d7357092493f311f649a0742889b301d796911b5,representation,REPRESENTATION,"[""files/task.py""]","[""files/task.py""]",placeholder referenced in environment file templates,464cfa2c72ef920b1ab558defe0ae33fe5c239b36aeea38bf4e8c48c860f0c7a
envs/trajectory_semantics/one_step/config.yaml,d7357092493f311f649a0742889b301d796911b5,representation,SIBLING_C_RULE,[],[],no reference in environment file templates,464cfa2c72ef920b1ab558defe0ae33fe5c239b36aeea38bf4e8c48c860f0c7a
envs/trajectory_semantics/one_step/config.yaml,d7357092493f311f649a0742889b301d796911b5,representation,SIBLING_C_RULE_RELABELED,[],[],no reference in environment file templates,464cfa2c72ef920b1ab558defe0ae33fe5c239b36aeea38bf4e8c48c860f0c7a
envs/trajectory_semantics/one_step/config.yaml,d7357092493f311f649a0742889b301d796911b5,representation,SIBLING_RELABELED_SPEC_TEXT,"[""files/task.py""]","[""files/judge.py"", ""files/task.py""]",placeholder referenced in environment file templates,464cfa2c72ef920b1ab558defe0ae33fe5c239b36aeea38bf4e8c48c860f0c7a
envs/trajectory_semantics/one_step/config.yaml,d7357092493f311f649a0742889b301d796911b5,representation,SIBLING_SPEC_TEXT,"[""files/task.py""]","[""files/judge.py"", ""files/task.py""]",placeholder referenced in environment file templates,464cfa2c72ef920b1ab558defe0ae33fe5c239b36aeea38bf4e8c48c860f0c7a
envs/trajectory_semantics/one_step/config.yaml,d7357092493f311f649a0742889b301d796911b5,representation,SPEC_TEXT,"[""files/task.py""]","[""files/judge.py"", ""files/task.py"", ""files/visible_tests.py""]",placeholder referenced in environment file templates,464cfa2c72ef920b1ab558defe0ae33fe5c239b36aeea38bf4e8c48c860f0c7a
envs/trajectory_semantics/parse_only/config.yaml,d7357092493f311f649a0742889b301d796911b5,witness_status,C_RULE,[],[],no reference in environment file templates,14556f28758058e04a262f2e4d77e64b34de0dd543120f93daf88983bdfdaa44
envs/trajectory_semantics/parse_only/config.yaml,d7357092493f311f649a0742889b301d796911b5,witness_status,C_RULE_RELABELED,[],[],no reference in environment file templates,14556f28758058e04a262f2e4d77e64b34de0dd543120f93daf88983bdfdaa44
envs/trajectory_semantics/parse_only/config.yaml,d7357092493f311f649a0742889b301d796911b5,witness_status,WITNESS_STATUS,"[""files/task.py""]","[""files/judge.py"", ""files/task.py""]",placeholder referenced in environment file templates,14556f28758058e04a262f2e4d77e64b34de0dd543120f93daf88983bdfdaa44
envs/trajectory_semantics/parse_only/config.yaml,d7357092493f311f649a0742889b301d796911b5,representation,C_RULE,[],[],no reference in environment file templates,9aa29dd27b10907005509ba96b9564a7b2f2c7376fab72fb620f4550edbf3688
envs/trajectory_semantics/parse_only/config.yaml,d7357092493f311f649a0742889b301d796911b5,representation,C_RULE_RELABELED,[],[],no reference in environment file templates,9aa29dd27b10907005509ba96b9564a7b2f2c7376fab72fb620f4550edbf3688
envs/trajectory_semantics/parse_only/config.yaml,d7357092493f311f649a0742889b301d796911b5,representation,NOISY_SPEC_TEXT,"[""files/task.py""]","[""files/task.py"", ""files/visible_tests.py""]",placeholder referenced in environment file templates,9aa29dd27b10907005509ba96b9564a7b2f2c7376fab72fb620f4550edbf3688
envs/trajectory_semantics/parse_only/config.yaml,d7357092493f311f649a0742889b301d796911b5,representation,RELABELED_SPEC_TEXT,"[""files/task.py""]","[""files/task.py""]",placeholder referenced in environment file templates,9aa29dd27b10907005509ba96b9564a7b2f2c7376fab72fb620f4550edbf3688
envs/trajectory_semantics/parse_only/config.yaml,d7357092493f311f649a0742889b301d796911b5,representation,REPRESENTATION,"[""files/task.py""]","[""files/task.py""]",placeholder referenced in environment file templates,9aa29dd27b10907005509ba96b9564a7b2f2c7376fab72fb620f4550edbf3688
envs/trajectory_semantics/parse_only/config.yaml,d7357092493f311f649a0742889b301d796911b5,representation,SPEC_TEXT,"[""files/task.py""]","[""files/task.py"", ""files/visible_tests.py""]",placeholder referenced in environment file templates,9aa29dd27b10907005509ba96b9564a7b2f2c7376fab72fb620f4550edbf3688
envs/trajectory_semantics/trajectory/config.yaml,d7357092493f311f649a0742889b301d796911b5,witness_status,C_RULE,[],[],no reference in environment file templates,4887e55a09951545dc016c73ef957fe2ece58a9a4503a66536dbd4f4d76bd7dc
envs/trajectory_semantics/trajectory/config.yaml,d7357092493f311f649a0742889b301d796911b5,witness_status,C_RULE_RELABELED,[],[],no reference in environment file templates,4887e55a09951545dc016c73ef957fe2ece58a9a4503a66536dbd4f4d76bd7dc
envs/trajectory_semantics/trajectory/config.yaml,d7357092493f311f649a0742889b301d796911b5,witness_status,SIBLING_C_RULE,[],[],no reference in environment file templates,4887e55a09951545dc016c73ef957fe2ece58a9a4503a66536dbd4f4d76bd7dc
envs/trajectory_semantics/trajectory/config.yaml,d7357092493f311f649a0742889b301d796911b5,witness_status,SIBLING_C_RULE_RELABELED,[],[],no reference in environment file templates,4887e55a09951545dc016c73ef957fe2ece58a9a4503a66536dbd4f4d76bd7dc
envs/trajectory_semantics/trajectory/config.yaml,d7357092493f311f649a0742889b301d796911b5,witness_status,WITNESS_STATUS,"[""files/task.py""]","[""files/task.py""]",placeholder referenced in environment file templates,4887e55a09951545dc016c73ef957fe2ece58a9a4503a66536dbd4f4d76bd7dc
envs/trajectory_semantics/trajectory/config.yaml,d7357092493f311f649a0742889b301d796911b5,representation,C_RULE,[],[],no reference in environment file templates,464cfa2c72ef920b1ab558defe0ae33fe5c239b36aeea38bf4e8c48c860f0c7a
envs/trajectory_semantics/trajectory/config.yaml,d7357092493f311f649a0742889b301d796911b5,representation,C_RULE_RELABELED,[],[],no reference in environment file templates,464cfa2c72ef920b1ab558defe0ae33fe5c239b36aeea38bf4e8c48c860f0c7a
envs/trajectory_semantics/trajectory/config.yaml,d7357092493f311f649a0742889b301d796911b5,representation,NOISY_SPEC_TEXT,"[""files/task.py""]","[""files/judge.py"", ""files/task.py""]",placeholder referenced in environment file templates,464cfa2c72ef920b1ab558defe0ae33fe5c239b36aeea38bf4e8c48c860f0c7a
envs/trajectory_semantics/trajectory/config.yaml,d7357092493f311f649a0742889b301d796911b5,representation,RELABELED_SPEC_TEXT,"[""files/task.py""]","[""files/judge.py"", ""files/task.py""]",placeholder referenced in environment file templates,464cfa2c72ef920b1ab558defe0ae33fe5c239b36aeea38bf4e8c48c860f0c7a
envs/trajectory_semantics/trajectory/config.yaml,d7357092493f311f649a0742889b301d796911b5,representation,REPRESENTATION,"[""files/task.py""]","[""files/task.py""]",placeholder referenced in environment file templates,464cfa2c72ef920b1ab558defe0ae33fe5c239b36aeea38bf4e8c48c860f0c7a
envs/trajectory_semantics/trajectory/config.yaml,d7357092493f311f649a0742889b301d796911b5,representation,SIBLING_C_RULE,[],[],no reference in environment file templates,464cfa2c72ef920b1ab558defe0ae33fe5c239b36aeea38bf4e8c48c860f0c7a
envs/trajectory_semantics/trajectory/config.yaml,d7357092493f311f649a0742889b301d796911b5,representation,SIBLING_C_RULE_RELABELED,[],[],no reference in environment file templates,464cfa2c72ef920b1ab558defe0ae33fe5c239b36aeea38bf4e8c48c860f0c7a
envs/trajectory_semantics/trajectory/config.yaml,d7357092493f311f649a0742889b301d796911b5,representation,SIBLING_RELABELED_SPEC_TEXT,"[""files/task.py""]","[""files/judge.py"", ""files/task.py""]",placeholder referenced in environment file templates,464cfa2c72ef920b1ab558defe0ae33fe5c239b36aeea38bf4e8c48c860f0c7a
envs/trajectory_semantics/trajectory/config.yaml,d7357092493f311f649a0742889b301d796911b5,representation,SIBLING_SPEC_TEXT,"[""files/task.py""]","[""files/judge.py"", ""files/task.py""]",placeholder referenced in environment file templates,464cfa2c72ef920b1ab558defe0ae33fe5c239b36aeea38bf4e8c48c860f0c7a
envs/trajectory_semantics/trajectory/config.yaml,d7357092493f311f649a0742889b301d796911b5,representation,SPEC_TEXT,"[""files/task.py""]","[""files/judge.py"", ""files/task.py"", ""files/visible_tests.py""]",placeholder referenced in environment file templates,464cfa2c72ef920b1ab558defe0ae33fe5c239b36aeea38bf4e8c48c860f0c7a
envs/weird_machine/ci_dependency_graph/config.yaml,d7357092493f311f649a0742889b301d796911b5,surface_deceptiveness,MODEL_CLASS,"[""files/ci_machine.py"", ""files/judge.py"", ""files/prompt.md"", ""files/visible_tests.py""]","[""files/ci_machine.py"", ""files/judge.py"", ""files/prompt.md"", ""files/visible_tests.py""]",placeholder referenced in environment file templates,9d59a8bd1b201faeee647cbf93e5966ac84151c3d025d7f95baceef58976bb3e
envs/weird_machine/ci_dependency_graph/config.yaml,d7357092493f311f649a0742889b301d796911b5,surface_deceptiveness,MODEL_FILE,"[""files/prompt.md"", ""files/visible_tests.py""]","[""files/prompt.md"", ""files/visible_tests.py""]",placeholder referenced in environment file templates,9d59a8bd1b201faeee647cbf93e5966ac84151c3d025d7f95baceef58976bb3e
envs/weird_machine/ci_dependency_graph/config.yaml,d7357092493f311f649a0742889b301d796911b5,hidden_depth,NUM_JOBS,"[""files/judge.py""]","[""files/judge.py""]",placeholder referenced in environment file templates,217b59ceec7ec47de6088b4b246801b5d6c2d9bb7e2a0f248bb8c50af0d0a0a3
envs/weird_machine/css_state_machine/config.yaml,d7357092493f311f649a0742889b301d796911b5,surface_deceptiveness,MODEL_CLASS,"[""files/css_logic.py"", ""files/judge.py"", ""files/prompt.md"", ""files/visible_tests.py""]","[""files/css_logic.py"", ""files/judge.py"", ""files/prompt.md"", ""files/visible_tests.py""]",placeholder referenced in environment file templates,650c3470deec088617cbae5f495a7faf48d3507507329988c1047eedb26f4a56
envs/weird_machine/css_state_machine/config.yaml,d7357092493f311f649a0742889b301d796911b5,surface_deceptiveness,MODEL_FILE,"[""files/prompt.md"", ""files/visible_tests.py""]","[""files/prompt.md"", ""files/visible_tests.py""]",placeholder referenced in environment file templates,650c3470deec088617cbae5f495a7faf48d3507507329988c1047eedb26f4a56
envs/weird_machine/css_state_machine/config.yaml,d7357092493f311f649a0742889b301d796911b5,hidden_depth,NUM_BITS,"[""files/judge.py""]","[""files/judge.py""]",placeholder referenced in environment file templates,6a32dc5592fad81b583282689b73a70ec384d0573a8066ae58ab82b00c43b9ea
envs/weird_machine/regex_state_machine/config.yaml,d7357092493f311f649a0742889b301d796911b5,surface_deceptiveness,MODEL_CLASS,"[""files/judge.py"", ""files/prompt.md"", ""files/regex_machine.py"", ""files/visible_tests.py""]","[""files/judge.py"", ""files/prompt.md"", ""files/regex_machine.py"", ""files/visible_tests.py""]",placeholder referenced in environment file templates,246ac33e2da0648a2ae46b3c5ee66617bd2127a3d1c6e8465eb2341b1660ce15
envs/weird_machine/regex_state_machine/config.yaml,d7357092493f311f649a0742889b301d796911b5,surface_deceptiveness,MODEL_FILE,"[""files/prompt.md"", ""files/visible_tests.py""]","[""files/prompt.md"", ""files/visible_tests.py""]",placeholder referenced in environment file templates,246ac33e2da0648a2ae46b3c5ee66617bd2127a3d1c6e8465eb2341b1660ce15
envs/weird_machine/regex_state_machine/config.yaml,d7357092493f311f649a0742889b301d796911b5,surface_deceptiveness,PERF_COMMENT,"[""files/regex_machine.py""]","[""files/regex_machine.py""]",placeholder referenced in environment file templates,246ac33e2da0648a2ae46b3c5ee66617bd2127a3d1c6e8465eb2341b1660ce15
envs/weird_machine/regex_state_machine/config.yaml,d7357092493f311f649a0742889b301d796911b5,hidden_depth,STRING_LEN,"[""files/judge.py""]","[""files/judge.py""]",placeholder referenced in environment file templates,71301af2540bac765950fac3fc9c8f5904ee3b2364811e4a3d7c5ba29cce43cd
envs/weird_machine/spreadsheet_dataflow/config.yaml,d7357092493f311f649a0742889b301d796911b5,surface_deceptiveness,MODEL_CLASS,"[""files/judge.py"", ""files/prompt.md"", ""files/sheet_model.py"", ""files/visible_tests.py""]","[""files/judge.py"", ""files/prompt.md"", ""files/sheet_model.py"", ""files/visible_tests.py""]",placeholder referenced in environment file templates,8eee1af32b6af52bd9911353807cdcb1867d690307363888aea0eaa04a9d1c73
envs/weird_machine/spreadsheet_dataflow/config.yaml,d7357092493f311f649a0742889b301d796911b5,surface_deceptiveness,MODEL_FILE,"[""files/prompt.md"", ""files/visible_tests.py""]","[""files/prompt.md"", ""files/visible_tests.py""]",placeholder referenced in environment file templates,8eee1af32b6af52bd9911353807cdcb1867d690307363888aea0eaa04a9d1c73
envs/weird_machine/spreadsheet_dataflow/config.yaml,d7357092493f311f649a0742889b301d796911b5,hidden_depth,GRID_LEN,"[""files/judge.py""]","[""files/judge.py""]",placeholder referenced in environment file templates,8f62478d5a27c06f901d2c6b523df60ca97975de3a09f321a2cdf5a94806dfda
envs/weird_machine/sql_fixed_point/config.yaml,d7357092493f311f649a0742889b301d796911b5,surface_deceptiveness,MODEL_CLASS,"[""files/judge.py"", ""files/prompt.md"", ""files/query_module.py"", ""files/visible_tests.py""]","[""files/judge.py"", ""files/prompt.md"", ""files/query_module.py"", ""files/visible_tests.py""]",placeholder referenced in environment file templates,2b28f44640edf7555b3dbe9da210095648c6008cae9cc4e828a982f5a2dd9af5
envs/weird_machine/sql_fixed_point/config.yaml,d7357092493f311f649a0742889b301d796911b5,surface_deceptiveness,MODEL_FILE,"[""files/prompt.md"", ""files/visible_tests.py""]","[""files/prompt.md"", ""files/visible_tests.py""]",placeholder referenced in environment file templates,2b28f44640edf7555b3dbe9da210095648c6008cae9cc4e828a982f5a2dd9af5
envs/weird_machine/sql_fixed_point/config.yaml,d7357092493f311f649a0742889b301d796911b5,hidden_depth,CHAIN_LEN,"[""files/judge.py""]","[""files/judge.py""]",placeholder referenced in environment file templates,6910fc8d954b28020e62ed59edd8d81afb3a884013cbab0876d7d631687384a1
envs/weird_machine/template_interpreter/config.yaml,d7357092493f311f649a0742889b301d796911b5,surface_deceptiveness,MODEL_CLASS,"[""files/judge.py"", ""files/prompt.md"", ""files/template_machine.py"", ""files/visible_tests.py""]","[""files/judge.py"", ""files/prompt.md"", ""files/template_machine.py"", ""files/visible_tests.py""]",placeholder referenced in environment file templates,d41a9da985e913e423b72f084efcace421b3f5c21ccd65826fc24971af327b0a
envs/weird_machine/template_interpreter/config.yaml,d7357092493f311f649a0742889b301d796911b5,surface_deceptiveness,MODEL_FILE,"[""files/prompt.md"", ""files/visible_tests.py""]","[""files/prompt.md"", ""files/visible_tests.py""]",placeholder referenced in environment file templates,d41a9da985e913e423b72f084efcace421b3f5c21ccd65826fc24971af327b0a
envs/weird_machine/template_interpreter/config.yaml,d7357092493f311f649a0742889b301d796911b5,hidden_depth,MAX_ITEMS,"[""files/judge.py""]","[""files/judge.py""]",placeholder referenced in environment file templates,c853fb54b6608086f27794985bba2a72f48b747efa70740414f8b97da9a4c256
