config_path,campaign_config_sha256,source_commit_config_sha256,hash_matches,source_path_checked
envs/batchnorm_ema/config.yaml,574036e7309486adadac6b26ae79495b81a6c57b11fc294f4851880094b756eb,574036e7309486adadac6b26ae79495b81a6c57b11fc294f4851880094b756eb,True,/tmp/rl_eval_generator_base/envs/batchnorm_ema/config.yaml
envs/cat_theo/architecture_naturality/config.yaml,a11b1479f07bb92b7452bc8693269811ef009f227e5c8a1d3381345b9d3962d0,a11b1479f07bb92b7452bc8693269811ef009f227e5c8a1d3381345b9d3962d0,True,/tmp/rl_eval_generator_base/envs/cat_theo/architecture_naturality/config.yaml
envs/cat_theo/categorical_lenses/config.yaml,1df98c5c365b913d36250e208feb7fff3e7a0fe4f9488fdaea83aa544bafb4cc,1df98c5c365b913d36250e208feb7fff3e7a0fe4f9488fdaea83aa544bafb4cc,True,/tmp/rl_eval_generator_base/envs/cat_theo/categorical_lenses/config.yaml
envs/cat_theo/compositional_optimizer/config.yaml,ac5b085049bc348400b408b33c0f584b9c53444b8a69565f99d8ca525451a207,ac5b085049bc348400b408b33c0f584b9c53444b8a69565f99d8ca525451a207,True,/tmp/rl_eval_generator_base/envs/cat_theo/compositional_optimizer/config.yaml
envs/cat_theo/equivariant_diagram/config.yaml,6779bfaeb68c8266d6f4c068b8d6fc6e61799028ff66ad11db51843f615ce258,6779bfaeb68c8266d6f4c068b8d6fc6e61799028ff66ad11db51843f615ce258,True,/tmp/rl_eval_generator_base/envs/cat_theo/equivariant_diagram/config.yaml
envs/cat_theo/functorial_augmentation/config.yaml,01fe40f0833546c4c4a7de2c94afb22c385f22b680cc48899dc572e685a7e80c,01fe40f0833546c4c4a7de2c94afb22c385f22b680cc48899dc572e685a7e80c,True,/tmp/rl_eval_generator_base/envs/cat_theo/functorial_augmentation/config.yaml
envs/cat_theo/monadic_reward/config.yaml,3cc49ee94aef2282460a2c02c654bc0dac9096ca8ac217e65615c8a510afc1ad,3cc49ee94aef2282460a2c02c654bc0dac9096ca8ac217e65615c8a510afc1ad,True,/tmp/rl_eval_generator_base/envs/cat_theo/monadic_reward/config.yaml
envs/cat_theo/semiring/gnn_message_passing/config.yaml,93d5b02917107b9b85935b850d6974cf35bf3eca9787e94235e6efcd17ebf116,93d5b02917107b9b85935b850d6974cf35bf3eca9787e94235e6efcd17ebf116,True,/tmp/rl_eval_generator_base/envs/cat_theo/semiring/gnn_message_passing/config.yaml
envs/cat_theo/semiring/neuro_symbolic_parser/config.yaml,27c57f9f0352ed388f7435a9771a8a5023323736bba04ecb7e4904f5bca4bebc,27c57f9f0352ed388f7435a9771a8a5023323736bba04ecb7e4904f5bca4bebc,True,/tmp/rl_eval_generator_base/envs/cat_theo/semiring/neuro_symbolic_parser/config.yaml
envs/cat_theo/semiring/ssm_parallel_scan/config.yaml,79fe5779339b98a68085e1eb89d883cf688a8d97bb901ac113e28e4c907b3498,79fe5779339b98a68085e1eb89d883cf688a8d97bb901ac113e28e4c907b3498,True,/tmp/rl_eval_generator_base/envs/cat_theo/semiring/ssm_parallel_scan/config.yaml
envs/cat_theo/semiring_unification/config.yaml,401ba583290ef8fdaf697e0836980e8a44a3a563ae67edf8fa3a468e92f3aede,401ba583290ef8fdaf697e0836980e8a44a3a563ae67edf8fa3a468e92f3aede,True,/tmp/rl_eval_generator_base/envs/cat_theo/semiring_unification/config.yaml
envs/cat_theo/sheaf/sheaf_invariant_gluing/config.yaml,fc67e6c26ad5fa053e9dc846a27a420ec1995523e44e726d0cbcb6f188e523b0,fc67e6c26ad5fa053e9dc846a27a420ec1995523e44e726d0cbcb6f188e523b0,True,/tmp/rl_eval_generator_base/envs/cat_theo/sheaf/sheaf_invariant_gluing/config.yaml
envs/cat_theo/sheaf/sheaf_physical_constraints/config.yaml,05c14e4f7efae20e806e0a043e837b2e79aa1575fcb278bc9bdb0dc6ad85938b,05c14e4f7efae20e806e0a043e837b2e79aa1575fcb278bc9bdb0dc6ad85938b,True,/tmp/rl_eval_generator_base/envs/cat_theo/sheaf/sheaf_physical_constraints/config.yaml
envs/cat_theo/sheaf/sheaf_schema_sync/config.yaml,02a9e61f017682716d5d987699e2fca52f952e0c91e8096a08d5edda6bdffeca,02a9e61f017682716d5d987699e2fca52f952e0c91e8096a08d5edda6bdffeca,True,/tmp/rl_eval_generator_base/envs/cat_theo/sheaf/sheaf_schema_sync/config.yaml
envs/cat_theo/stochastic_monad/config.yaml,1480adfcfd6df1bb676ffbbe75e45a55d08f3f1bc4258276af1797ea240ace95,1480adfcfd6df1bb676ffbbe75e45a55d08f3f1bc4258276af1797ea240ace95,True,/tmp/rl_eval_generator_base/envs/cat_theo/stochastic_monad/config.yaml
envs/cat_theo/tensor_functor/config.yaml,e92a3bb7b6dafcdfc04dc8a2e85cfb9c6d762ff2a49df5d5b3c44281c2bf4461,e92a3bb7b6dafcdfc04dc8a2e85cfb9c6d762ff2a49df5d5b3c44281c2bf4461,True,/tmp/rl_eval_generator_base/envs/cat_theo/tensor_functor/config.yaml
envs/cat_theo/tokenizer_adjunction/config.yaml,4d074e6b89d1fe0ffa8656d40de8409546affab650586eb367ceada21d405438,4d074e6b89d1fe0ffa8656d40de8409546affab650586eb367ceada21d405438,True,/tmp/rl_eval_generator_base/envs/cat_theo/tokenizer_adjunction/config.yaml
envs/cat_theo/transformer_ssm_lift/config.yaml,de58a3fd8265a8e1cdb08caeb71d3754ffa4418cc43cb7abf3301204cb749a4c,de58a3fd8265a8e1cdb08caeb71d3754ffa4418cc43cb7abf3301204cb749a4c,True,/tmp/rl_eval_generator_base/envs/cat_theo/transformer_ssm_lift/config.yaml
envs/epistemic_games/config.yaml,cb00ffa2ae48fc7949d48fd11d83604416054108e5618959532a70d48ae0b0a8,cb00ffa2ae48fc7949d48fd11d83604416054108e5618959532a70d48ae0b0a8,True,/tmp/rl_eval_generator_base/envs/epistemic_games/config.yaml
envs/glyph/config.yaml,ac4e28ef5c85300c1428335f7f59bf159df762d7cd694984e72c5852e36bc02d,ac4e28ef5c85300c1428335f7f59bf159df762d7cd694984e72c5852e36bc02d,True,/tmp/rl_eval_generator_base/envs/glyph/config.yaml
envs/moco/config.yaml,5b5e967f0532dd7b348543d13c3235f1f97a2c327143fa15a60e1e98419c22fc,5b5e967f0532dd7b348543d13c3235f1f97a2c327143fa15a60e1e98419c22fc,True,/tmp/rl_eval_generator_base/envs/moco/config.yaml
envs/recurrent_depth/adaptive_halting/config.yaml,ead8808358138a2bc3ee62bf8cbf4dd3188d7dfd34af9d3c14db064d7016e8f6,ead8808358138a2bc3ee62bf8cbf4dd3188d7dfd34af9d3c14db064d7016e8f6,True,/tmp/rl_eval_generator_base/envs/recurrent_depth/adaptive_halting/config.yaml
envs/recurrent_depth/gradient_credit/config.yaml,e058cc04fea79b05c311bc74c2653363e42094bcc885d40f068f29398ee41bd3,e058cc04fea79b05c311bc74c2653363e42094bcc885d40f068f29398ee41bd3,True,/tmp/rl_eval_generator_base/envs/recurrent_depth/gradient_credit/config.yaml
envs/recurrent_depth/state_carry/config.yaml,96357258b1e04319af5a14ac2f75d1329eeb98ca7bd16a074e97a12d8235d4f2,96357258b1e04319af5a14ac2f75d1329eeb98ca7bd16a074e97a12d8235d4f2,True,/tmp/rl_eval_generator_base/envs/recurrent_depth/state_carry/config.yaml
envs/trajectory_semantics/one_step/config.yaml,8cae59f5d5aabddb5822e19d1bdfb7556b9876b956191202e79e54b61c9a5b90,8cae59f5d5aabddb5822e19d1bdfb7556b9876b956191202e79e54b61c9a5b90,True,/tmp/rl_eval_generator_base/envs/trajectory_semantics/one_step/config.yaml
envs/trajectory_semantics/parse_only/config.yaml,ca1371840d24f530aea8b6ee7c9817789168f8dde8f4081a53d4a6ea7a53f5aa,ca1371840d24f530aea8b6ee7c9817789168f8dde8f4081a53d4a6ea7a53f5aa,True,/tmp/rl_eval_generator_base/envs/trajectory_semantics/parse_only/config.yaml
envs/trajectory_semantics/trajectory/config.yaml,8cae59f5d5aabddb5822e19d1bdfb7556b9876b956191202e79e54b61c9a5b90,8cae59f5d5aabddb5822e19d1bdfb7556b9876b956191202e79e54b61c9a5b90,True,/tmp/rl_eval_generator_base/envs/trajectory_semantics/trajectory/config.yaml
envs/weird_machine/ci_dependency_graph/config.yaml,b405bdeacc95a1e58ff32f916677c5cfe9effc571c322a3cc456d3313a76b96e,b405bdeacc95a1e58ff32f916677c5cfe9effc571c322a3cc456d3313a76b96e,True,/tmp/rl_eval_generator_base/envs/weird_machine/ci_dependency_graph/config.yaml
envs/weird_machine/css_state_machine/config.yaml,01fd7550e2af6f3faca4cc8dfc924b51c1c000cbea9af20c5cfe22d396c5cded,01fd7550e2af6f3faca4cc8dfc924b51c1c000cbea9af20c5cfe22d396c5cded,True,/tmp/rl_eval_generator_base/envs/weird_machine/css_state_machine/config.yaml
envs/weird_machine/regex_state_machine/config.yaml,f3ac4bbe8f06081747afeddd3b6a3fbe36b610d79d295a10078d8b0c395a6286,f3ac4bbe8f06081747afeddd3b6a3fbe36b610d79d295a10078d8b0c395a6286,True,/tmp/rl_eval_generator_base/envs/weird_machine/regex_state_machine/config.yaml
envs/weird_machine/spreadsheet_dataflow/config.yaml,c84a46046dd5fd18a360e30dc06dd6eeb242c779c0f3f219e32db677653ee6a4,c84a46046dd5fd18a360e30dc06dd6eeb242c779c0f3f219e32db677653ee6a4,True,/tmp/rl_eval_generator_base/envs/weird_machine/spreadsheet_dataflow/config.yaml
envs/weird_machine/sql_fixed_point/config.yaml,54933ca96a31504f3f701795e8863e71a184de919bf215518de1b525c2463d0c,54933ca96a31504f3f701795e8863e71a184de919bf215518de1b525c2463d0c,True,/tmp/rl_eval_generator_base/envs/weird_machine/sql_fixed_point/config.yaml
envs/weird_machine/template_interpreter/config.yaml,4dff39eb07415eaf9052e284d8cf07c10cf4c2185423e1f65ab6f0e7e9a35a6b,4dff39eb07415eaf9052e284d8cf07c10cf4c2185423e1f65ab6f0e7e9a35a6b,True,/tmp/rl_eval_generator_base/envs/weird_machine/template_interpreter/config.yaml
