case_id,environment,analysis_family,recorded_track,judge_guarantee,performance_eligible,exclusion_reason,score,failure_mode_raw,final_notes,final_metrics,result_member,final_member,trace_member,submission_patch_member,workspace_diff_member
batchnorm_ema__optimizer_hint=easy_red_herring=easy_visible_tests=easy_data_complexity=easy_symptom_mask=easy__seed-0,batchnorm_ema,ml_debugging,ml_debugging,compile_only,True,,0.0,patch_invalid,"[""Patch validation failed:\nFAIL: Patch file is empty\n\n""]",{},suite_checkpoint.json#/results/batchnorm_ema__optimizer_hint=easy_red_herring=easy_visible_tests=easy_data_complexity=easy_symptom_mask=easy__seed-0,episodes/batchnorm_ema__optimizer_hint=easy_red_herring=easy_visible_tests=easy_data_complexity=easy_symptom_mask=easy__seed-0/batchnorm_ema-20260930T232821Z-4a718520/final.json,episodes/batchnorm_ema__optimizer_hint=easy_red_herring=easy_visible_tests=easy_data_complexity=easy_symptom_mask=easy__seed-0/batchnorm_ema-20260930T232821Z-4a718520/trace.jsonl,episodes/batchnorm_ema__optimizer_hint=easy_red_herring=easy_visible_tests=easy_data_complexity=easy_symptom_mask=easy__seed-0/batchnorm_ema-20260930T232821Z-4a718520/submission.patch,episodes/batchnorm_ema__optimizer_hint=easy_red_herring=easy_visible_tests=easy_data_complexity=easy_symptom_mask=easy__seed-0/batchnorm_ema-20260930T232821Z-4a718520/workspace.diff
batchnorm_ema__optimizer_hint=easy_red_herring=easy_visible_tests=easy_data_complexity=easy_symptom_mask=hard__seed-0,batchnorm_ema,ml_debugging,ml_debugging,compile_only,True,,0.0,patch_invalid,"[""Patch validation failed:\nFAIL: Patch file is empty\n\n""]",{},suite_checkpoint.json#/results/batchnorm_ema__optimizer_hint=easy_red_herring=easy_visible_tests=easy_data_complexity=easy_symptom_mask=hard__seed-0,episodes/batchnorm_ema__optimizer_hint=easy_red_herring=easy_visible_tests=easy_data_complexity=easy_symptom_mask=hard__seed-0/batchnorm_ema-20261001T005624Z-972bf327/final.json,episodes/batchnorm_ema__optimizer_hint=easy_red_herring=easy_visible_tests=easy_data_complexity=easy_symptom_mask=hard__seed-0/batchnorm_ema-20261001T005624Z-972bf327/trace.jsonl,episodes/batchnorm_ema__optimizer_hint=easy_red_herring=easy_visible_tests=easy_data_complexity=easy_symptom_mask=hard__seed-0/batchnorm_ema-20261001T005624Z-972bf327/submission.patch,episodes/batchnorm_ema__optimizer_hint=easy_red_herring=easy_visible_tests=easy_data_complexity=easy_symptom_mask=hard__seed-0/batchnorm_ema-20261001T005624Z-972bf327/workspace.diff
batchnorm_ema__optimizer_hint=easy_red_herring=easy_visible_tests=easy_data_complexity=easy_symptom_mask=medium__seed-0,batchnorm_ema,ml_debugging,ml_debugging,compile_only,True,,0.0,invalid_action,"[""Could not parse patch JSON; use apply_patch_base64 for multiline diffs.""]",{},suite_checkpoint.json#/results/batchnorm_ema__optimizer_hint=easy_red_herring=easy_visible_tests=easy_data_complexity=easy_symptom_mask=medium__seed-0,episodes/batchnorm_ema__optimizer_hint=easy_red_herring=easy_visible_tests=easy_data_complexity=easy_symptom_mask=medium__seed-0/batchnorm_ema-20261001T010914Z-25fe1ada/final.json,episodes/batchnorm_ema__optimizer_hint=easy_red_herring=easy_visible_tests=easy_data_complexity=easy_symptom_mask=medium__seed-0/batchnorm_ema-20261001T010914Z-25fe1ada/trace.jsonl,episodes/batchnorm_ema__optimizer_hint=easy_red_herring=easy_visible_tests=easy_data_complexity=easy_symptom_mask=medium__seed-0/batchnorm_ema-20261001T010914Z-25fe1ada/submission.patch,episodes/batchnorm_ema__optimizer_hint=easy_red_herring=easy_visible_tests=easy_data_complexity=easy_symptom_mask=medium__seed-0/batchnorm_ema-20261001T010914Z-25fe1ada/workspace.diff
batchnorm_ema__optimizer_hint=easy_red_herring=easy_visible_tests=easy_data_complexity=hard_symptom_mask=easy__seed-0,batchnorm_ema,ml_debugging,ml_debugging,compile_only,True,,0.0,patch_invalid,"[""Patch validation failed:\nFAIL: Patch file is empty\n\n""]",{},suite_checkpoint.json#/results/batchnorm_ema__optimizer_hint=easy_red_herring=easy_visible_tests=easy_data_complexity=hard_symptom_mask=easy__seed-0,episodes/batchnorm_ema__optimizer_hint=easy_red_herring=easy_visible_tests=easy_data_complexity=hard_symptom_mask=easy__seed-0/batchnorm_ema-20261001T003303Z-92719108/final.json,episodes/batchnorm_ema__optimizer_hint=easy_red_herring=easy_visible_tests=easy_data_complexity=hard_symptom_mask=easy__seed-0/batchnorm_ema-20261001T003303Z-92719108/trace.jsonl,episodes/batchnorm_ema__optimizer_hint=easy_red_herring=easy_visible_tests=easy_data_complexity=hard_symptom_mask=easy__seed-0/batchnorm_ema-20261001T003303Z-92719108/submission.patch,episodes/batchnorm_ema__optimizer_hint=easy_red_herring=easy_visible_tests=easy_data_complexity=hard_symptom_mask=easy__seed-0/batchnorm_ema-20261001T003303Z-92719108/workspace.diff
batchnorm_ema__optimizer_hint=easy_red_herring=easy_visible_tests=easy_data_complexity=medium_symptom_mask=easy__seed-0,batchnorm_ema,ml_debugging,ml_debugging,compile_only,True,,0.0,patch_invalid,"[""Patch validation failed:\nFAIL: Patch file is empty\n\n""]",{},suite_checkpoint.json#/results/batchnorm_ema__optimizer_hint=easy_red_herring=easy_visible_tests=easy_data_complexity=medium_symptom_mask=easy__seed-0,episodes/batchnorm_ema__optimizer_hint=easy_red_herring=easy_visible_tests=easy_data_complexity=medium_symptom_mask=easy__seed-0/batchnorm_ema-20261001T004201Z-67081db9/final.json,episodes/batchnorm_ema__optimizer_hint=easy_red_herring=easy_visible_tests=easy_data_complexity=medium_symptom_mask=easy__seed-0/batchnorm_ema-20261001T004201Z-67081db9/trace.jsonl,episodes/batchnorm_ema__optimizer_hint=easy_red_herring=easy_visible_tests=easy_data_complexity=medium_symptom_mask=easy__seed-0/batchnorm_ema-20261001T004201Z-67081db9/submission.patch,episodes/batchnorm_ema__optimizer_hint=easy_red_herring=easy_visible_tests=easy_data_complexity=medium_symptom_mask=easy__seed-0/batchnorm_ema-20261001T004201Z-67081db9/workspace.diff
batchnorm_ema__optimizer_hint=easy_red_herring=easy_visible_tests=hard_data_complexity=easy_symptom_mask=easy__seed-0,batchnorm_ema,ml_debugging,ml_debugging,compile_only,True,,0.0,patch_invalid,"[""Patch validation failed:\nFAIL: Patch file is empty\n\n""]",{},suite_checkpoint.json#/results/batchnorm_ema__optimizer_hint=easy_red_herring=easy_visible_tests=hard_data_complexity=easy_symptom_mask=easy__seed-0,episodes/batchnorm_ema__optimizer_hint=easy_red_herring=easy_visible_tests=hard_data_complexity=easy_symptom_mask=easy__seed-0/batchnorm_ema-20261001T002130Z-ed9db1db/final.json,episodes/batchnorm_ema__optimizer_hint=easy_red_herring=easy_visible_tests=hard_data_complexity=easy_symptom_mask=easy__seed-0/batchnorm_ema-20261001T002130Z-ed9db1db/trace.jsonl,episodes/batchnorm_ema__optimizer_hint=easy_red_herring=easy_visible_tests=hard_data_complexity=easy_symptom_mask=easy__seed-0/batchnorm_ema-20261001T002130Z-ed9db1db/submission.patch,episodes/batchnorm_ema__optimizer_hint=easy_red_herring=easy_visible_tests=hard_data_complexity=easy_symptom_mask=easy__seed-0/batchnorm_ema-20261001T002130Z-ed9db1db/workspace.diff
batchnorm_ema__optimizer_hint=easy_red_herring=easy_visible_tests=medium_data_complexity=easy_symptom_mask=easy__seed-0,batchnorm_ema,ml_debugging,ml_debugging,compile_only,True,,0.0,patch_invalid,"[""Patch validation failed:\nFAIL: Patch file is empty\n\n""]",{},suite_checkpoint.json#/results/batchnorm_ema__optimizer_hint=easy_red_herring=easy_visible_tests=medium_data_complexity=easy_symptom_mask=easy__seed-0,episodes/batchnorm_ema__optimizer_hint=easy_red_herring=easy_visible_tests=medium_data_complexity=easy_symptom_mask=easy__seed-0/batchnorm_ema-20261001T002839Z-650fa9ca/final.json,episodes/batchnorm_ema__optimizer_hint=easy_red_herring=easy_visible_tests=medium_data_complexity=easy_symptom_mask=easy__seed-0/batchnorm_ema-20261001T002839Z-650fa9ca/trace.jsonl,episodes/batchnorm_ema__optimizer_hint=easy_red_herring=easy_visible_tests=medium_data_complexity=easy_symptom_mask=easy__seed-0/batchnorm_ema-20261001T002839Z-650fa9ca/submission.patch,episodes/batchnorm_ema__optimizer_hint=easy_red_herring=easy_visible_tests=medium_data_complexity=easy_symptom_mask=easy__seed-0/batchnorm_ema-20261001T002839Z-650fa9ca/workspace.diff
batchnorm_ema__optimizer_hint=easy_red_herring=hard_visible_tests=easy_data_complexity=easy_symptom_mask=easy__seed-0,batchnorm_ema,ml_debugging,ml_debugging,compile_only,True,,0.0,patch_invalid,"[""Patch validation failed:\nFAIL: Patch file is empty\n\n""]",{},suite_checkpoint.json#/results/batchnorm_ema__optimizer_hint=easy_red_herring=hard_visible_tests=easy_data_complexity=easy_symptom_mask=easy__seed-0,episodes/batchnorm_ema__optimizer_hint=easy_red_herring=hard_visible_tests=easy_data_complexity=easy_symptom_mask=easy__seed-0/batchnorm_ema-20260930T235912Z-13822b76/final.json,episodes/batchnorm_ema__optimizer_hint=easy_red_herring=hard_visible_tests=easy_data_complexity=easy_symptom_mask=easy__seed-0/batchnorm_ema-20260930T235912Z-13822b76/trace.jsonl,episodes/batchnorm_ema__optimizer_hint=easy_red_herring=hard_visible_tests=easy_data_complexity=easy_symptom_mask=easy__seed-0/batchnorm_ema-20260930T235912Z-13822b76/submission.patch,episodes/batchnorm_ema__optimizer_hint=easy_red_herring=hard_visible_tests=easy_data_complexity=easy_symptom_mask=easy__seed-0/batchnorm_ema-20260930T235912Z-13822b76/workspace.diff
batchnorm_ema__optimizer_hint=easy_red_herring=medium_visible_tests=easy_data_complexity=easy_symptom_mask=easy__seed-0,batchnorm_ema,ml_debugging,ml_debugging,compile_only,True,,0.95,overfit_visible_tests,"[""Patch does not touch all required cross-context files; missing: train.py""]","{""changed_files"": [""model.py""], ""eval_batch_independent"": true, ""eval_bn_stats_frozen"": true, ""missing_required_files"": [""train.py""], ""predicted_classes"": 10, ""prediction_entropy"": 2.30115, ""trusted_score"": 1.0, ""uses_batchnorm"": true}",suite_checkpoint.json#/results/batchnorm_ema__optimizer_hint=easy_red_herring=medium_visible_tests=easy_data_complexity=easy_symptom_mask=easy__seed-0,episodes/batchnorm_ema__optimizer_hint=easy_red_herring=medium_visible_tests=easy_data_complexity=easy_symptom_mask=easy__seed-0/batchnorm_ema-20261001T000715Z-a38a0af1/final.json,episodes/batchnorm_ema__optimizer_hint=easy_red_herring=medium_visible_tests=easy_data_complexity=easy_symptom_mask=easy__seed-0/batchnorm_ema-20261001T000715Z-a38a0af1/trace.jsonl,episodes/batchnorm_ema__optimizer_hint=easy_red_herring=medium_visible_tests=easy_data_complexity=easy_symptom_mask=easy__seed-0/batchnorm_ema-20261001T000715Z-a38a0af1/submission.patch,episodes/batchnorm_ema__optimizer_hint=easy_red_herring=medium_visible_tests=easy_data_complexity=easy_symptom_mask=easy__seed-0/batchnorm_ema-20261001T000715Z-a38a0af1/workspace.diff
batchnorm_ema__optimizer_hint=hard_red_herring=easy_visible_tests=easy_data_complexity=easy_symptom_mask=easy__seed-0,batchnorm_ema,ml_debugging,ml_debugging,compile_only,True,,0.0,patch_invalid,"[""Patch validation failed:\nFAIL: Patch file is empty\n\n""]",{},suite_checkpoint.json#/results/batchnorm_ema__optimizer_hint=hard_red_herring=easy_visible_tests=easy_data_complexity=easy_symptom_mask=easy__seed-0,episodes/batchnorm_ema__optimizer_hint=hard_red_herring=easy_visible_tests=easy_data_complexity=easy_symptom_mask=easy__seed-0/batchnorm_ema-20260930T234358Z-ebc1dc17/final.json,episodes/batchnorm_ema__optimizer_hint=hard_red_herring=easy_visible_tests=easy_data_complexity=easy_symptom_mask=easy__seed-0/batchnorm_ema-20260930T234358Z-ebc1dc17/trace.jsonl,episodes/batchnorm_ema__optimizer_hint=hard_red_herring=easy_visible_tests=easy_data_complexity=easy_symptom_mask=easy__seed-0/batchnorm_ema-20260930T234358Z-ebc1dc17/submission.patch,episodes/batchnorm_ema__optimizer_hint=hard_red_herring=easy_visible_tests=easy_data_complexity=easy_symptom_mask=easy__seed-0/batchnorm_ema-20260930T234358Z-ebc1dc17/workspace.diff
batchnorm_ema__optimizer_hint=medium_red_herring=easy_visible_tests=easy_data_complexity=easy_symptom_mask=easy__seed-0,batchnorm_ema,ml_debugging,ml_debugging,compile_only,True,,0.0,patch_invalid,"[""Patch validation failed:\nFAIL: Patch file is empty\n\n""]",{},suite_checkpoint.json#/results/batchnorm_ema__optimizer_hint=medium_red_herring=easy_visible_tests=easy_data_complexity=easy_symptom_mask=easy__seed-0,episodes/batchnorm_ema__optimizer_hint=medium_red_herring=easy_visible_tests=easy_data_complexity=easy_symptom_mask=easy__seed-0/batchnorm_ema-20260930T235417Z-e7604732/final.json,episodes/batchnorm_ema__optimizer_hint=medium_red_herring=easy_visible_tests=easy_data_complexity=easy_symptom_mask=easy__seed-0/batchnorm_ema-20260930T235417Z-e7604732/trace.jsonl,episodes/batchnorm_ema__optimizer_hint=medium_red_herring=easy_visible_tests=easy_data_complexity=easy_symptom_mask=easy__seed-0/batchnorm_ema-20260930T235417Z-e7604732/submission.patch,episodes/batchnorm_ema__optimizer_hint=medium_red_herring=easy_visible_tests=easy_data_complexity=easy_symptom_mask=easy__seed-0/batchnorm_ema-20260930T235417Z-e7604732/workspace.diff
categorical_lenses__naming=easy_symptom_mask=hard__seed-0,categorical_lenses,category_theoretic_compositional,category_theoretic_compositional,behavioral_reference,True,,0.0,source_invalid,"[""Source validation failed:\nVIOLATIONS:\n  lenses.py: SyntaxError: expected an indented block after function definition on line 5 (lenses.py, line 9)\n\nNOTE: This validator is NOT a security sandbox. Docker isolation is.\nSome bypasses (getattr, string concat, etc.) are not caught here.\n\n""]",{},suite_checkpoint.json#/results/categorical_lenses__naming=easy_symptom_mask=hard__seed-0,episodes/categorical_lenses__naming=easy_symptom_mask=hard__seed-0/categorical_lenses-20260929T142226Z-49b2eae7/final.json,episodes/categorical_lenses__naming=easy_symptom_mask=hard__seed-0/categorical_lenses-20260929T142226Z-49b2eae7/trace.jsonl,episodes/categorical_lenses__naming=easy_symptom_mask=hard__seed-0/categorical_lenses-20260929T142226Z-49b2eae7/submission.patch,episodes/categorical_lenses__naming=easy_symptom_mask=hard__seed-0/categorical_lenses-20260929T142226Z-49b2eae7/workspace.diff
compositional_optimizer__naming=easy_symptom_mask=easy__seed-0,compositional_optimizer,category_theoretic_compositional,category_theoretic_compositional,compile_only,True,,0.0,patch_invalid,"[""Patch validation failed:\nFAIL: Patch file is empty\n\n""]",{},suite_checkpoint.json#/results/compositional_optimizer__naming=easy_symptom_mask=easy__seed-0,episodes/compositional_optimizer__naming=easy_symptom_mask=easy__seed-0/compositional_optimizer-20261001T020356Z-5b809daa/final.json,episodes/compositional_optimizer__naming=easy_symptom_mask=easy__seed-0/compositional_optimizer-20261001T020356Z-5b809daa/trace.jsonl,episodes/compositional_optimizer__naming=easy_symptom_mask=easy__seed-0/compositional_optimizer-20261001T020356Z-5b809daa/submission.patch,episodes/compositional_optimizer__naming=easy_symptom_mask=easy__seed-0/compositional_optimizer-20261001T020356Z-5b809daa/workspace.diff
compositional_optimizer__naming=medium_symptom_mask=easy__seed-0,compositional_optimizer,category_theoretic_compositional,category_theoretic_compositional,compile_only,True,,0.0,source_invalid,"[""Source validation failed:\nVIOLATIONS:\n  optimizer.py: Line 1: disallowed import 'weakref' (top-level 'weakref' not in allowlist)\n\nNOTE: This validator is NOT a security sandbox. Docker isolation is.\nSome bypasses (getattr, string concat, etc.) are not caught here.\n\n""]",{},suite_checkpoint.json#/results/compositional_optimizer__naming=medium_symptom_mask=easy__seed-0,episodes/compositional_optimizer__naming=medium_symptom_mask=easy__seed-0/compositional_optimizer-20261001T035550Z-26688530/final.json,episodes/compositional_optimizer__naming=medium_symptom_mask=easy__seed-0/compositional_optimizer-20261001T035550Z-26688530/trace.jsonl,episodes/compositional_optimizer__naming=medium_symptom_mask=easy__seed-0/compositional_optimizer-20261001T035550Z-26688530/submission.patch,episodes/compositional_optimizer__naming=medium_symptom_mask=easy__seed-0/compositional_optimizer-20261001T035550Z-26688530/workspace.diff
css_state_machine__surface_deceptiveness=easy_hidden_depth=easy__seed-0,css_state_machine,weird_machine,weird_machine,behavioral_reference,True,,0.416667,underfit,[],"{""changed_files"": [""css_logic.py""], ""missing_required_files"": [], ""trusted_score"": 0.5}",suite_checkpoint.json#/results/css_state_machine__surface_deceptiveness=easy_hidden_depth=easy__seed-0,episodes/css_state_machine__surface_deceptiveness=easy_hidden_depth=easy__seed-0/css_state_machine-20260929T210713Z-1adf737e/final.json,episodes/css_state_machine__surface_deceptiveness=easy_hidden_depth=easy__seed-0/css_state_machine-20260929T210713Z-1adf737e/trace.jsonl,episodes/css_state_machine__surface_deceptiveness=easy_hidden_depth=easy__seed-0/css_state_machine-20260929T210713Z-1adf737e/submission.patch,episodes/css_state_machine__surface_deceptiveness=easy_hidden_depth=easy__seed-0/css_state_machine-20260929T210713Z-1adf737e/workspace.diff
css_state_machine__surface_deceptiveness=easy_hidden_depth=medium__seed-0,css_state_machine,weird_machine,weird_machine,behavioral_reference,True,,0.0,source_invalid,"[""Source validation failed:\nVIOLATIONS:\n  css_logic.py: Line 42: disallowed import 're' (top-level 're' not in allowlist)\n\nNOTE: This validator is NOT a security sandbox. Docker isolation is.\nSome bypasses (getattr, string concat, etc.) are not caught here.\n\n""]",{},suite_checkpoint.json#/results/css_state_machine__surface_deceptiveness=easy_hidden_depth=medium__seed-0,episodes/css_state_machine__surface_deceptiveness=easy_hidden_depth=medium__seed-0/css_state_machine-20260929T213824Z-b6bd4187/final.json,episodes/css_state_machine__surface_deceptiveness=easy_hidden_depth=medium__seed-0/css_state_machine-20260929T213824Z-b6bd4187/trace.jsonl,episodes/css_state_machine__surface_deceptiveness=easy_hidden_depth=medium__seed-0/css_state_machine-20260929T213824Z-b6bd4187/submission.patch,episodes/css_state_machine__surface_deceptiveness=easy_hidden_depth=medium__seed-0/css_state_machine-20260929T213824Z-b6bd4187/workspace.diff
functorial_augmentation__naming=easy_symptom_mask=easy__seed-0,functorial_augmentation,category_theoretic_compositional,category_theoretic_compositional,compile_only,True,,0.416667,underfit,[],"{""changed_files"": [""dataset.py""], ""missing_required_files"": [], ""trusted_score"": 0.5}",suite_checkpoint.json#/results/functorial_augmentation__naming=easy_symptom_mask=easy__seed-0,episodes/functorial_augmentation__naming=easy_symptom_mask=easy__seed-0/functorial_augmentation-20261001T082515Z-39804fdd/final.json,episodes/functorial_augmentation__naming=easy_symptom_mask=easy__seed-0/functorial_augmentation-20261001T082515Z-39804fdd/trace.jsonl,episodes/functorial_augmentation__naming=easy_symptom_mask=easy__seed-0/functorial_augmentation-20261001T082515Z-39804fdd/submission.patch,episodes/functorial_augmentation__naming=easy_symptom_mask=easy__seed-0/functorial_augmentation-20261001T082515Z-39804fdd/workspace.diff
functorial_augmentation__naming=hard_symptom_mask=easy__seed-0,functorial_augmentation,category_theoretic_compositional,category_theoretic_compositional,compile_only,True,,0.416667,underfit,[],"{""changed_files"": [""dataset.py""], ""missing_required_files"": [], ""trusted_score"": 0.5}",suite_checkpoint.json#/results/functorial_augmentation__naming=hard_symptom_mask=easy__seed-0,episodes/functorial_augmentation__naming=hard_symptom_mask=easy__seed-0/functorial_augmentation-20261001T082936Z-306ad1b7/final.json,episodes/functorial_augmentation__naming=hard_symptom_mask=easy__seed-0/functorial_augmentation-20261001T082936Z-306ad1b7/trace.jsonl,episodes/functorial_augmentation__naming=hard_symptom_mask=easy__seed-0/functorial_augmentation-20261001T082936Z-306ad1b7/submission.patch,episodes/functorial_augmentation__naming=hard_symptom_mask=easy__seed-0/functorial_augmentation-20261001T082936Z-306ad1b7/workspace.diff
functorial_augmentation__naming=medium_symptom_mask=easy__seed-0,functorial_augmentation,category_theoretic_compositional,category_theoretic_compositional,compile_only,True,,0.416667,underfit,[],"{""changed_files"": [""dataset.py""], ""missing_required_files"": [], ""trusted_score"": 0.5}",suite_checkpoint.json#/results/functorial_augmentation__naming=medium_symptom_mask=easy__seed-0,episodes/functorial_augmentation__naming=medium_symptom_mask=easy__seed-0/functorial_augmentation-20261001T083323Z-66592ad5/final.json,episodes/functorial_augmentation__naming=medium_symptom_mask=easy__seed-0/functorial_augmentation-20261001T083323Z-66592ad5/trace.jsonl,episodes/functorial_augmentation__naming=medium_symptom_mask=easy__seed-0/functorial_augmentation-20261001T083323Z-66592ad5/submission.patch,episodes/functorial_augmentation__naming=medium_symptom_mask=easy__seed-0/functorial_augmentation-20261001T083323Z-66592ad5/workspace.diff
glyph__architecture=easy_optimizer=easy_red_herring=easy_visible_tests=easy_data_clue=easy_symptom_mask=easy__seed-0,glyph,ml_debugging,ml_debugging,behavioral_reference,True,,0.0,patch_invalid,"[""Patch validation failed:\nFAIL: Patch file is empty\n\n""]",{},suite_checkpoint.json#/results/glyph__architecture=easy_optimizer=easy_red_herring=easy_visible_tests=easy_data_clue=easy_symptom_mask=easy__seed-0,episodes/glyph__architecture=easy_optimizer=easy_red_herring=easy_visible_tests=easy_data_clue=easy_symptom_mask=easy__seed-0/glyph-20260929T150118Z-c488bb8a/final.json,episodes/glyph__architecture=easy_optimizer=easy_red_herring=easy_visible_tests=easy_data_clue=easy_symptom_mask=easy__seed-0/glyph-20260929T150118Z-c488bb8a/trace.jsonl,episodes/glyph__architecture=easy_optimizer=easy_red_herring=easy_visible_tests=easy_data_clue=easy_symptom_mask=easy__seed-0/glyph-20260929T150118Z-c488bb8a/submission.patch,episodes/glyph__architecture=easy_optimizer=easy_red_herring=easy_visible_tests=easy_data_clue=easy_symptom_mask=easy__seed-0/glyph-20260929T150118Z-c488bb8a/workspace.diff
glyph__architecture=easy_optimizer=easy_red_herring=easy_visible_tests=easy_data_clue=easy_symptom_mask=medium__seed-0,glyph,ml_debugging,ml_debugging,behavioral_reference,True,,0.0,patch_invalid,"[""Patch validation failed:\nFAIL: Patch file is empty\n\n""]",{},suite_checkpoint.json#/results/glyph__architecture=easy_optimizer=easy_red_herring=easy_visible_tests=easy_data_clue=easy_symptom_mask=medium__seed-0,episodes/glyph__architecture=easy_optimizer=easy_red_herring=easy_visible_tests=easy_data_clue=easy_symptom_mask=medium__seed-0/glyph-20260929T164133Z-dd303858/final.json,episodes/glyph__architecture=easy_optimizer=easy_red_herring=easy_visible_tests=easy_data_clue=easy_symptom_mask=medium__seed-0/glyph-20260929T164133Z-dd303858/trace.jsonl,episodes/glyph__architecture=easy_optimizer=easy_red_herring=easy_visible_tests=easy_data_clue=easy_symptom_mask=medium__seed-0/glyph-20260929T164133Z-dd303858/submission.patch,episodes/glyph__architecture=easy_optimizer=easy_red_herring=easy_visible_tests=easy_data_clue=easy_symptom_mask=medium__seed-0/glyph-20260929T164133Z-dd303858/workspace.diff
glyph__architecture=easy_optimizer=easy_red_herring=easy_visible_tests=easy_data_clue=hard_symptom_mask=easy__seed-0,glyph,ml_debugging,ml_debugging,behavioral_reference,True,,0.0,patch_invalid,"[""Patch validation failed:\nFAIL: Patch file is empty\n\n""]",{},suite_checkpoint.json#/results/glyph__architecture=easy_optimizer=easy_red_herring=easy_visible_tests=easy_data_clue=hard_symptom_mask=easy__seed-0,episodes/glyph__architecture=easy_optimizer=easy_red_herring=easy_visible_tests=easy_data_clue=hard_symptom_mask=easy__seed-0/glyph-20260929T161651Z-66fbd1a0/final.json,episodes/glyph__architecture=easy_optimizer=easy_red_herring=easy_visible_tests=easy_data_clue=hard_symptom_mask=easy__seed-0/glyph-20260929T161651Z-66fbd1a0/trace.jsonl,episodes/glyph__architecture=easy_optimizer=easy_red_herring=easy_visible_tests=easy_data_clue=hard_symptom_mask=easy__seed-0/glyph-20260929T161651Z-66fbd1a0/submission.patch,episodes/glyph__architecture=easy_optimizer=easy_red_herring=easy_visible_tests=easy_data_clue=hard_symptom_mask=easy__seed-0/glyph-20260929T161651Z-66fbd1a0/workspace.diff
glyph__architecture=easy_optimizer=easy_red_herring=easy_visible_tests=easy_data_clue=medium_symptom_mask=easy__seed-0,glyph,ml_debugging,ml_debugging,behavioral_reference,True,,0.0,patch_invalid,"[""Patch validation failed:\nFAIL: Patch file is empty\n\n""]",{},suite_checkpoint.json#/results/glyph__architecture=easy_optimizer=easy_red_herring=easy_visible_tests=easy_data_clue=medium_symptom_mask=easy__seed-0,episodes/glyph__architecture=easy_optimizer=easy_red_herring=easy_visible_tests=easy_data_clue=medium_symptom_mask=easy__seed-0/glyph-20260929T162453Z-3cddfe8b/final.json,episodes/glyph__architecture=easy_optimizer=easy_red_herring=easy_visible_tests=easy_data_clue=medium_symptom_mask=easy__seed-0/glyph-20260929T162453Z-3cddfe8b/trace.jsonl,episodes/glyph__architecture=easy_optimizer=easy_red_herring=easy_visible_tests=easy_data_clue=medium_symptom_mask=easy__seed-0/glyph-20260929T162453Z-3cddfe8b/submission.patch,episodes/glyph__architecture=easy_optimizer=easy_red_herring=easy_visible_tests=easy_data_clue=medium_symptom_mask=easy__seed-0/glyph-20260929T162453Z-3cddfe8b/workspace.diff
glyph__architecture=easy_optimizer=easy_red_herring=easy_visible_tests=hard_data_clue=easy_symptom_mask=easy__seed-0,glyph,ml_debugging,ml_debugging,behavioral_reference,True,,0.0,patch_invalid,"[""Patch validation failed:\nFAIL: Patch file is empty\n\n""]",{},suite_checkpoint.json#/results/glyph__architecture=easy_optimizer=easy_red_herring=easy_visible_tests=hard_data_clue=easy_symptom_mask=easy__seed-0,episodes/glyph__architecture=easy_optimizer=easy_red_herring=easy_visible_tests=hard_data_clue=easy_symptom_mask=easy__seed-0/glyph-20260929T154203Z-455b1b7e/final.json,episodes/glyph__architecture=easy_optimizer=easy_red_herring=easy_visible_tests=hard_data_clue=easy_symptom_mask=easy__seed-0/glyph-20260929T154203Z-455b1b7e/trace.jsonl,episodes/glyph__architecture=easy_optimizer=easy_red_herring=easy_visible_tests=hard_data_clue=easy_symptom_mask=easy__seed-0/glyph-20260929T154203Z-455b1b7e/submission.patch,episodes/glyph__architecture=easy_optimizer=easy_red_herring=easy_visible_tests=hard_data_clue=easy_symptom_mask=easy__seed-0/glyph-20260929T154203Z-455b1b7e/workspace.diff
glyph__architecture=easy_optimizer=easy_red_herring=easy_visible_tests=medium_data_clue=easy_symptom_mask=easy__seed-0,glyph,ml_debugging,ml_debugging,behavioral_reference,True,,0.0,patch_invalid,"[""Patch validation failed:\nFAIL: Patch file is empty\n\n""]",{},suite_checkpoint.json#/results/glyph__architecture=easy_optimizer=easy_red_herring=easy_visible_tests=medium_data_clue=easy_symptom_mask=easy__seed-0,episodes/glyph__architecture=easy_optimizer=easy_red_herring=easy_visible_tests=medium_data_clue=easy_symptom_mask=easy__seed-0/glyph-20260929T155038Z-a93eb8ce/final.json,episodes/glyph__architecture=easy_optimizer=easy_red_herring=easy_visible_tests=medium_data_clue=easy_symptom_mask=easy__seed-0/glyph-20260929T155038Z-a93eb8ce/trace.jsonl,episodes/glyph__architecture=easy_optimizer=easy_red_herring=easy_visible_tests=medium_data_clue=easy_symptom_mask=easy__seed-0/glyph-20260929T155038Z-a93eb8ce/submission.patch,episodes/glyph__architecture=easy_optimizer=easy_red_herring=easy_visible_tests=medium_data_clue=easy_symptom_mask=easy__seed-0/glyph-20260929T155038Z-a93eb8ce/workspace.diff
glyph__architecture=easy_optimizer=easy_red_herring=medium_visible_tests=easy_data_clue=easy_symptom_mask=easy__seed-0,glyph,ml_debugging,ml_debugging,behavioral_reference,True,,0.0,patch_invalid,"[""Patch validation failed:\nFAIL: Patch file is empty\n\n""]",{},suite_checkpoint.json#/results/glyph__architecture=easy_optimizer=easy_red_herring=medium_visible_tests=easy_data_clue=easy_symptom_mask=easy__seed-0,episodes/glyph__architecture=easy_optimizer=easy_red_herring=medium_visible_tests=easy_data_clue=easy_symptom_mask=easy__seed-0/glyph-20260929T152707Z-d77d0ddb/final.json,episodes/glyph__architecture=easy_optimizer=easy_red_herring=medium_visible_tests=easy_data_clue=easy_symptom_mask=easy__seed-0/glyph-20260929T152707Z-d77d0ddb/trace.jsonl,episodes/glyph__architecture=easy_optimizer=easy_red_herring=medium_visible_tests=easy_data_clue=easy_symptom_mask=easy__seed-0/glyph-20260929T152707Z-d77d0ddb/submission.patch,episodes/glyph__architecture=easy_optimizer=easy_red_herring=medium_visible_tests=easy_data_clue=easy_symptom_mask=easy__seed-0/glyph-20260929T152707Z-d77d0ddb/workspace.diff
glyph__architecture=medium_optimizer=easy_red_herring=easy_visible_tests=easy_data_clue=easy_symptom_mask=easy__seed-0,glyph,ml_debugging,ml_debugging,behavioral_reference,True,,0.0,patch_invalid,"[""Patch validation failed:\nFAIL: Patch file is empty\n\n""]",{},suite_checkpoint.json#/results/glyph__architecture=medium_optimizer=easy_red_herring=easy_visible_tests=easy_data_clue=easy_symptom_mask=easy__seed-0,episodes/glyph__architecture=medium_optimizer=easy_red_herring=easy_visible_tests=easy_data_clue=easy_symptom_mask=easy__seed-0/glyph-20260929T151232Z-de6f86c3/final.json,episodes/glyph__architecture=medium_optimizer=easy_red_herring=easy_visible_tests=easy_data_clue=easy_symptom_mask=easy__seed-0/glyph-20260929T151232Z-de6f86c3/trace.jsonl,episodes/glyph__architecture=medium_optimizer=easy_red_herring=easy_visible_tests=easy_data_clue=easy_symptom_mask=easy__seed-0/glyph-20260929T151232Z-de6f86c3/submission.patch,episodes/glyph__architecture=medium_optimizer=easy_red_herring=easy_visible_tests=easy_data_clue=easy_symptom_mask=easy__seed-0/glyph-20260929T151232Z-de6f86c3/workspace.diff
gnn_message_passing__naming=easy_symptom_mask=easy__seed-0,gnn_message_passing,category_theoretic_compositional,category_theoretic_compositional,compile_only,True,,0.416667,underfit,[],"{""changed_files"": [""gnn.py""], ""missing_required_files"": [], ""trusted_score"": 0.5}",suite_checkpoint.json#/results/gnn_message_passing__naming=easy_symptom_mask=easy__seed-0,episodes/gnn_message_passing__naming=easy_symptom_mask=easy__seed-0/gnn_message_passing-20261001T093511Z-3997d863/final.json,episodes/gnn_message_passing__naming=easy_symptom_mask=easy__seed-0/gnn_message_passing-20261001T093511Z-3997d863/trace.jsonl,episodes/gnn_message_passing__naming=easy_symptom_mask=easy__seed-0/gnn_message_passing-20261001T093511Z-3997d863/submission.patch,episodes/gnn_message_passing__naming=easy_symptom_mask=easy__seed-0/gnn_message_passing-20261001T093511Z-3997d863/workspace.diff
gnn_message_passing__naming=easy_symptom_mask=hard__seed-0,gnn_message_passing,category_theoretic_compositional,category_theoretic_compositional,compile_only,True,,0.416667,underfit,[],"{""changed_files"": [""gnn.py""], ""missing_required_files"": [], ""trusted_score"": 0.5}",suite_checkpoint.json#/results/gnn_message_passing__naming=easy_symptom_mask=hard__seed-0,episodes/gnn_message_passing__naming=easy_symptom_mask=hard__seed-0/gnn_message_passing-20261001T095002Z-36976daf/final.json,episodes/gnn_message_passing__naming=easy_symptom_mask=hard__seed-0/gnn_message_passing-20261001T095002Z-36976daf/trace.jsonl,episodes/gnn_message_passing__naming=easy_symptom_mask=hard__seed-0/gnn_message_passing-20261001T095002Z-36976daf/submission.patch,episodes/gnn_message_passing__naming=easy_symptom_mask=hard__seed-0/gnn_message_passing-20261001T095002Z-36976daf/workspace.diff
gnn_message_passing__naming=easy_symptom_mask=medium__seed-0,gnn_message_passing,category_theoretic_compositional,category_theoretic_compositional,compile_only,True,,0.416667,underfit,[],"{""changed_files"": [""gnn.py""], ""missing_required_files"": [], ""trusted_score"": 0.5}",suite_checkpoint.json#/results/gnn_message_passing__naming=easy_symptom_mask=medium__seed-0,episodes/gnn_message_passing__naming=easy_symptom_mask=medium__seed-0/gnn_message_passing-20261001T095522Z-0e4887d3/final.json,episodes/gnn_message_passing__naming=easy_symptom_mask=medium__seed-0/gnn_message_passing-20261001T095522Z-0e4887d3/trace.jsonl,episodes/gnn_message_passing__naming=easy_symptom_mask=medium__seed-0/gnn_message_passing-20261001T095522Z-0e4887d3/submission.patch,episodes/gnn_message_passing__naming=easy_symptom_mask=medium__seed-0/gnn_message_passing-20261001T095522Z-0e4887d3/workspace.diff
gnn_message_passing__naming=hard_symptom_mask=easy__seed-0,gnn_message_passing,category_theoretic_compositional,category_theoretic_compositional,compile_only,True,,0.416667,underfit,[],"{""changed_files"": [""gnn.py""], ""missing_required_files"": [], ""trusted_score"": 0.5}",suite_checkpoint.json#/results/gnn_message_passing__naming=hard_symptom_mask=easy__seed-0,episodes/gnn_message_passing__naming=hard_symptom_mask=easy__seed-0/gnn_message_passing-20261001T093952Z-0357a2e6/final.json,episodes/gnn_message_passing__naming=hard_symptom_mask=easy__seed-0/gnn_message_passing-20261001T093952Z-0357a2e6/trace.jsonl,episodes/gnn_message_passing__naming=hard_symptom_mask=easy__seed-0/gnn_message_passing-20261001T093952Z-0357a2e6/submission.patch,episodes/gnn_message_passing__naming=hard_symptom_mask=easy__seed-0/gnn_message_passing-20261001T093952Z-0357a2e6/workspace.diff
gnn_message_passing__naming=medium_symptom_mask=easy__seed-0,gnn_message_passing,category_theoretic_compositional,category_theoretic_compositional,compile_only,True,,0.416667,underfit,[],"{""changed_files"": [""gnn.py""], ""missing_required_files"": [], ""trusted_score"": 0.5}",suite_checkpoint.json#/results/gnn_message_passing__naming=medium_symptom_mask=easy__seed-0,episodes/gnn_message_passing__naming=medium_symptom_mask=easy__seed-0/gnn_message_passing-20261001T094350Z-a16b5c77/final.json,episodes/gnn_message_passing__naming=medium_symptom_mask=easy__seed-0/gnn_message_passing-20261001T094350Z-a16b5c77/trace.jsonl,episodes/gnn_message_passing__naming=medium_symptom_mask=easy__seed-0/gnn_message_passing-20261001T094350Z-a16b5c77/submission.patch,episodes/gnn_message_passing__naming=medium_symptom_mask=easy__seed-0/gnn_message_passing-20261001T094350Z-a16b5c77/workspace.diff
moco__naming=easy_distractors=easy_queue_math=easy_temperature=easy_visible_tests=easy_symptom_mask=hard__seed-0,moco,ml_debugging,ml_debugging,behavioral_reference,True,,0.0,patch_invalid,"[""Patch validation failed:\nFAIL: Patch file is empty\n\n""]",{},suite_checkpoint.json#/results/moco__naming=easy_distractors=easy_queue_math=easy_temperature=easy_visible_tests=easy_symptom_mask=hard__seed-0,episodes/moco__naming=easy_distractors=easy_queue_math=easy_temperature=easy_visible_tests=easy_symptom_mask=hard__seed-0/moco-20260929T175322Z-a694eb4d/final.json,episodes/moco__naming=easy_distractors=easy_queue_math=easy_temperature=easy_visible_tests=easy_symptom_mask=hard__seed-0/moco-20260929T175322Z-a694eb4d/trace.jsonl,episodes/moco__naming=easy_distractors=easy_queue_math=easy_temperature=easy_visible_tests=easy_symptom_mask=hard__seed-0/moco-20260929T175322Z-a694eb4d/submission.patch,episodes/moco__naming=easy_distractors=easy_queue_math=easy_temperature=easy_visible_tests=easy_symptom_mask=hard__seed-0/moco-20260929T175322Z-a694eb4d/workspace.diff
moco__naming=easy_distractors=easy_queue_math=easy_temperature=easy_visible_tests=medium_symptom_mask=easy__seed-0,moco,ml_debugging,ml_debugging,behavioral_reference,True,,0.95,overfit_visible_tests,"[""Patch does not touch all required cross-context files; missing: moco_model.py"", ""temperature_cancelled""]","{""changed_files"": [""queue_ops.py""], ""missing_required_files"": [""moco_model.py""], ""test_feature_variance"": 1.673591, ""train_feature_variance"": 1.687745, ""trusted_score"": 1.0}",suite_checkpoint.json#/results/moco__naming=easy_distractors=easy_queue_math=easy_temperature=easy_visible_tests=medium_symptom_mask=easy__seed-0,episodes/moco__naming=easy_distractors=easy_queue_math=easy_temperature=easy_visible_tests=medium_symptom_mask=easy__seed-0/moco-20260929T174918Z-27889b37/final.json,episodes/moco__naming=easy_distractors=easy_queue_math=easy_temperature=easy_visible_tests=medium_symptom_mask=easy__seed-0/moco-20260929T174918Z-27889b37/trace.jsonl,episodes/moco__naming=easy_distractors=easy_queue_math=easy_temperature=easy_visible_tests=medium_symptom_mask=easy__seed-0/moco-20260929T174918Z-27889b37/submission.patch,episodes/moco__naming=easy_distractors=easy_queue_math=easy_temperature=easy_visible_tests=medium_symptom_mask=easy__seed-0/moco-20260929T174918Z-27889b37/workspace.diff
monadic_reward__naming=easy_symptom_mask=hard__seed-0,monadic_reward,category_theoretic_compositional,category_theoretic_compositional,compile_only,True,,0.0,source_invalid,"[""Source validation failed:\nVIOLATIONS:\n  agent_code.py: Line 1: disallowed import 'ast' (top-level 'ast' not in allowlist)\n\nNOTE: This validator is NOT a security sandbox. Docker isolation is.\nSome bypasses (getattr, string concat, etc.) are not caught here.\n\n""]",{},suite_checkpoint.json#/results/monadic_reward__naming=easy_symptom_mask=hard__seed-0,episodes/monadic_reward__naming=easy_symptom_mask=hard__seed-0/monadic_reward-20261001T092748Z-e1f7ad2a/final.json,episodes/monadic_reward__naming=easy_symptom_mask=hard__seed-0/monadic_reward-20261001T092748Z-e1f7ad2a/trace.jsonl,episodes/monadic_reward__naming=easy_symptom_mask=hard__seed-0/monadic_reward-20261001T092748Z-e1f7ad2a/submission.patch,episodes/monadic_reward__naming=easy_symptom_mask=hard__seed-0/monadic_reward-20261001T092748Z-e1f7ad2a/workspace.diff
monadic_reward__naming=easy_symptom_mask=medium__seed-0,monadic_reward,category_theoretic_compositional,category_theoretic_compositional,compile_only,True,,0.0,source_invalid,"[""Source validation failed:\nVIOLATIONS:\n  agent_code.py: Line 1: disallowed import 'ast' (top-level 'ast' not in allowlist)\n\nNOTE: This validator is NOT a security sandbox. Docker isolation is.\nSome bypasses (getattr, string concat, etc.) are not caught here.\n\n""]",{},suite_checkpoint.json#/results/monadic_reward__naming=easy_symptom_mask=medium__seed-0,episodes/monadic_reward__naming=easy_symptom_mask=medium__seed-0/monadic_reward-20261001T093204Z-9f15bddb/final.json,episodes/monadic_reward__naming=easy_symptom_mask=medium__seed-0/monadic_reward-20261001T093204Z-9f15bddb/trace.jsonl,episodes/monadic_reward__naming=easy_symptom_mask=medium__seed-0/monadic_reward-20261001T093204Z-9f15bddb/submission.patch,episodes/monadic_reward__naming=easy_symptom_mask=medium__seed-0/monadic_reward-20261001T093204Z-9f15bddb/workspace.diff
monadic_reward__naming=hard_symptom_mask=easy__seed-0,monadic_reward,category_theoretic_compositional,category_theoretic_compositional,compile_only,True,,0.0,source_invalid,"[""Source validation failed:\nVIOLATIONS:\n  agent_code.py: Line 1: disallowed import 'ast' (top-level 'ast' not in allowlist)\n\nNOTE: This validator is NOT a security sandbox. Docker isolation is.\nSome bypasses (getattr, string concat, etc.) are not caught here.\n\n""]",{},suite_checkpoint.json#/results/monadic_reward__naming=hard_symptom_mask=easy__seed-0,episodes/monadic_reward__naming=hard_symptom_mask=easy__seed-0/monadic_reward-20261001T091431Z-2a9665a9/final.json,episodes/monadic_reward__naming=hard_symptom_mask=easy__seed-0/monadic_reward-20261001T091431Z-2a9665a9/trace.jsonl,episodes/monadic_reward__naming=hard_symptom_mask=easy__seed-0/monadic_reward-20261001T091431Z-2a9665a9/submission.patch,episodes/monadic_reward__naming=hard_symptom_mask=easy__seed-0/monadic_reward-20261001T091431Z-2a9665a9/workspace.diff
monadic_reward__naming=medium_symptom_mask=easy__seed-0,monadic_reward,category_theoretic_compositional,category_theoretic_compositional,compile_only,True,,0.0,source_invalid,"[""Source validation failed:\nVIOLATIONS:\n  agent_code.py: Line 1: disallowed import 'ast' (top-level 'ast' not in allowlist)\n\nNOTE: This validator is NOT a security sandbox. Docker isolation is.\nSome bypasses (getattr, string concat, etc.) are not caught here.\n\n""]",{},suite_checkpoint.json#/results/monadic_reward__naming=medium_symptom_mask=easy__seed-0,episodes/monadic_reward__naming=medium_symptom_mask=easy__seed-0/monadic_reward-20261001T092145Z-626a760b/final.json,episodes/monadic_reward__naming=medium_symptom_mask=easy__seed-0/monadic_reward-20261001T092145Z-626a760b/trace.jsonl,episodes/monadic_reward__naming=medium_symptom_mask=easy__seed-0/monadic_reward-20261001T092145Z-626a760b/submission.patch,episodes/monadic_reward__naming=medium_symptom_mask=easy__seed-0/monadic_reward-20261001T092145Z-626a760b/workspace.diff
neuro_symbolic_parser__naming=hard_symptom_mask=easy__seed-0,neuro_symbolic_parser,category_theoretic_compositional,category_theoretic_compositional,compile_only,True,,0.0,underfit,[],"{""changed_files"": [""parser.py""], ""missing_required_files"": [], ""trusted_score"": 0.0}",suite_checkpoint.json#/results/neuro_symbolic_parser__naming=hard_symptom_mask=easy__seed-0,episodes/neuro_symbolic_parser__naming=hard_symptom_mask=easy__seed-0/neuro_symbolic_parser-20261001T100919Z-c59b83c4/final.json,episodes/neuro_symbolic_parser__naming=hard_symptom_mask=easy__seed-0/neuro_symbolic_parser-20261001T100919Z-c59b83c4/trace.jsonl,episodes/neuro_symbolic_parser__naming=hard_symptom_mask=easy__seed-0/neuro_symbolic_parser-20261001T100919Z-c59b83c4/submission.patch,episodes/neuro_symbolic_parser__naming=hard_symptom_mask=easy__seed-0/neuro_symbolic_parser-20261001T100919Z-c59b83c4/workspace.diff
rd_adaptive_halting__recurrence_depth=easy_clue_clarity=easy_visible_tests=easy_implementation_obfuscation=easy_batching_complexity=easy__seed-0,rd_adaptive_halting,recurrent_depth_behavioral,recurrent_depth_behavioral,compile_only,True,,0.0,source_invalid,"[""Source validation failed:\nVIOLATIONS:\n  halting.py: SyntaxError: unexpected indent (halting.py, line 15)\n\nNOTE: This validator is NOT a security sandbox. Docker isolation is.\nSome bypasses (getattr, string concat, etc.) are not caught here.\n\n""]",{},suite_checkpoint.json#/results/rd_adaptive_halting__recurrence_depth=easy_clue_clarity=easy_visible_tests=easy_implementation_obfuscation=easy_batching_complexity=easy__seed-0,episodes/rd_adaptive_halting__recurrence_depth=easy_clue_clarity=easy_visible_tests=easy_implementation_obfuscation=easy_batching_complexity=easy__seed-0/rd_adaptive_halting-20261001T205448Z-1e2a1325/final.json,episodes/rd_adaptive_halting__recurrence_depth=easy_clue_clarity=easy_visible_tests=easy_implementation_obfuscation=easy_batching_complexity=easy__seed-0/rd_adaptive_halting-20261001T205448Z-1e2a1325/trace.jsonl,episodes/rd_adaptive_halting__recurrence_depth=easy_clue_clarity=easy_visible_tests=easy_implementation_obfuscation=easy_batching_complexity=easy__seed-0/rd_adaptive_halting-20261001T205448Z-1e2a1325/submission.patch,episodes/rd_adaptive_halting__recurrence_depth=easy_clue_clarity=easy_visible_tests=easy_implementation_obfuscation=easy_batching_complexity=easy__seed-0/rd_adaptive_halting-20261001T205448Z-1e2a1325/workspace.diff
rd_adaptive_halting__recurrence_depth=easy_clue_clarity=easy_visible_tests=easy_implementation_obfuscation=medium_batching_complexity=easy__seed-0,rd_adaptive_halting,recurrent_depth_behavioral,recurrent_depth_behavioral,compile_only,True,,0.0,RUNTIME_ERROR,"[""where expected condition to be a boolean tensor, but got a tensor with dtype Float""]","{""changed_files"": [""halting.py""], ""missing_required_files"": []}",suite_checkpoint.json#/results/rd_adaptive_halting__recurrence_depth=easy_clue_clarity=easy_visible_tests=easy_implementation_obfuscation=medium_batching_complexity=easy__seed-0,episodes/rd_adaptive_halting__recurrence_depth=easy_clue_clarity=easy_visible_tests=easy_implementation_obfuscation=medium_batching_complexity=easy__seed-0/rd_adaptive_halting-20261001T214325Z-15caa7c4/final.json,episodes/rd_adaptive_halting__recurrence_depth=easy_clue_clarity=easy_visible_tests=easy_implementation_obfuscation=medium_batching_complexity=easy__seed-0/rd_adaptive_halting-20261001T214325Z-15caa7c4/trace.jsonl,episodes/rd_adaptive_halting__recurrence_depth=easy_clue_clarity=easy_visible_tests=easy_implementation_obfuscation=medium_batching_complexity=easy__seed-0/rd_adaptive_halting-20261001T214325Z-15caa7c4/submission.patch,episodes/rd_adaptive_halting__recurrence_depth=easy_clue_clarity=easy_visible_tests=easy_implementation_obfuscation=medium_batching_complexity=easy__seed-0/rd_adaptive_halting-20261001T214325Z-15caa7c4/workspace.diff
regex_state_machine__surface_deceptiveness=hard_hidden_depth=easy__seed-0,regex_state_machine,weird_machine,weird_machine,behavioral_reference,True,,0.208333,underfit,"[""Morphism Error Report: Collapsed on length mismatch (in=32, out=66). ""]","{""changed_files"": [""regex_machine.py""], ""missing_required_files"": [], ""trace_forensics"": {""boundary_collapse"": ""length mismatch (in=32, out=66)"", ""failed_rules"": []}, ""trusted_score"": 0.25}",suite_checkpoint.json#/results/regex_state_machine__surface_deceptiveness=hard_hidden_depth=easy__seed-0,episodes/regex_state_machine__surface_deceptiveness=hard_hidden_depth=easy__seed-0/regex_state_machine-20260929T220650Z-f9df08df/final.json,episodes/regex_state_machine__surface_deceptiveness=hard_hidden_depth=easy__seed-0/regex_state_machine-20260929T220650Z-f9df08df/trace.jsonl,episodes/regex_state_machine__surface_deceptiveness=hard_hidden_depth=easy__seed-0/regex_state_machine-20260929T220650Z-f9df08df/submission.patch,episodes/regex_state_machine__surface_deceptiveness=hard_hidden_depth=easy__seed-0/regex_state_machine-20260929T220650Z-f9df08df/workspace.diff
regex_state_machine__surface_deceptiveness=medium_hidden_depth=easy__seed-0,regex_state_machine,weird_machine,weird_machine,behavioral_reference,True,,0.208333,underfit,"[""Morphism Error Report: Collapsed on length mismatch (in=32, out=34). ""]","{""changed_files"": [""regex_machine.py""], ""missing_required_files"": [], ""trace_forensics"": {""boundary_collapse"": ""length mismatch (in=32, out=34)"", ""failed_rules"": []}, ""trusted_score"": 0.25}",suite_checkpoint.json#/results/regex_state_machine__surface_deceptiveness=medium_hidden_depth=easy__seed-0,episodes/regex_state_machine__surface_deceptiveness=medium_hidden_depth=easy__seed-0/regex_state_machine-20260929T221336Z-43997363/final.json,episodes/regex_state_machine__surface_deceptiveness=medium_hidden_depth=easy__seed-0/regex_state_machine-20260929T221336Z-43997363/trace.jsonl,episodes/regex_state_machine__surface_deceptiveness=medium_hidden_depth=easy__seed-0/regex_state_machine-20260929T221336Z-43997363/submission.patch,episodes/regex_state_machine__surface_deceptiveness=medium_hidden_depth=easy__seed-0/regex_state_machine-20260929T221336Z-43997363/workspace.diff
sheaf_physical_constraints__naming=easy_symptom_mask=easy__seed-0,sheaf_physical_constraints,category_theoretic_compositional,category_theoretic_compositional,compile_only,False,final result explicitly attributes terminal failure to provider transient after bounded retries,0.0,invalid_action,"[""provider transient failure after bounded retries""]",{},suite_checkpoint.json#/results/sheaf_physical_constraints__naming=easy_symptom_mask=easy__seed-0,episodes/sheaf_physical_constraints__naming=easy_symptom_mask=easy__seed-0/sheaf_physical_constraints-20261001T124852Z-16ea911b/final.json,episodes/sheaf_physical_constraints__naming=easy_symptom_mask=easy__seed-0/sheaf_physical_constraints-20261001T124852Z-16ea911b/trace.jsonl,episodes/sheaf_physical_constraints__naming=easy_symptom_mask=easy__seed-0/sheaf_physical_constraints-20261001T124852Z-16ea911b/submission.patch,episodes/sheaf_physical_constraints__naming=easy_symptom_mask=easy__seed-0/sheaf_physical_constraints-20261001T124852Z-16ea911b/workspace.diff
sheaf_physical_constraints__naming=easy_symptom_mask=hard__seed-0,sheaf_physical_constraints,category_theoretic_compositional,category_theoretic_compositional,compile_only,True,,0.277778,underfit,[],"{""changed_files"": [""route.py""], ""missing_required_files"": [], ""trusted_score"": 0.333333}",suite_checkpoint.json#/results/sheaf_physical_constraints__naming=easy_symptom_mask=hard__seed-0,episodes/sheaf_physical_constraints__naming=easy_symptom_mask=hard__seed-0/sheaf_physical_constraints-20261001T144141Z-89b2d027/final.json,episodes/sheaf_physical_constraints__naming=easy_symptom_mask=hard__seed-0/sheaf_physical_constraints-20261001T144141Z-89b2d027/trace.jsonl,episodes/sheaf_physical_constraints__naming=easy_symptom_mask=hard__seed-0/sheaf_physical_constraints-20261001T144141Z-89b2d027/submission.patch,episodes/sheaf_physical_constraints__naming=easy_symptom_mask=hard__seed-0/sheaf_physical_constraints-20261001T144141Z-89b2d027/workspace.diff
sheaf_physical_constraints__naming=easy_symptom_mask=medium__seed-0,sheaf_physical_constraints,category_theoretic_compositional,category_theoretic_compositional,compile_only,True,,0.0,patch_invalid,"[""Patch validation failed:\nFAIL: Patch file is empty\n\n""]",{},suite_checkpoint.json#/results/sheaf_physical_constraints__naming=easy_symptom_mask=medium__seed-0,episodes/sheaf_physical_constraints__naming=easy_symptom_mask=medium__seed-0/sheaf_physical_constraints-20261001T153002Z-bba3ed4a/final.json,episodes/sheaf_physical_constraints__naming=easy_symptom_mask=medium__seed-0/sheaf_physical_constraints-20261001T153002Z-bba3ed4a/trace.jsonl,episodes/sheaf_physical_constraints__naming=easy_symptom_mask=medium__seed-0/sheaf_physical_constraints-20261001T153002Z-bba3ed4a/submission.patch,episodes/sheaf_physical_constraints__naming=easy_symptom_mask=medium__seed-0/sheaf_physical_constraints-20261001T153002Z-bba3ed4a/workspace.diff
sheaf_physical_constraints__naming=hard_symptom_mask=easy__seed-0,sheaf_physical_constraints,category_theoretic_compositional,category_theoretic_compositional,compile_only,True,,0.0,invalid_action,"[""Could not parse a valid JSON action""]",{},suite_checkpoint.json#/results/sheaf_physical_constraints__naming=hard_symptom_mask=easy__seed-0,episodes/sheaf_physical_constraints__naming=hard_symptom_mask=easy__seed-0/sheaf_physical_constraints-20261001T134342Z-7cdb8304/final.json,episodes/sheaf_physical_constraints__naming=hard_symptom_mask=easy__seed-0/sheaf_physical_constraints-20261001T134342Z-7cdb8304/trace.jsonl,episodes/sheaf_physical_constraints__naming=hard_symptom_mask=easy__seed-0/sheaf_physical_constraints-20261001T134342Z-7cdb8304/submission.patch,episodes/sheaf_physical_constraints__naming=hard_symptom_mask=easy__seed-0/sheaf_physical_constraints-20261001T134342Z-7cdb8304/workspace.diff
sheaf_physical_constraints__naming=medium_symptom_mask=easy__seed-0,sheaf_physical_constraints,category_theoretic_compositional,category_theoretic_compositional,compile_only,True,,0.277778,underfit,[],"{""changed_files"": [""route.py""], ""missing_required_files"": [], ""trusted_score"": 0.333333}",suite_checkpoint.json#/results/sheaf_physical_constraints__naming=medium_symptom_mask=easy__seed-0,episodes/sheaf_physical_constraints__naming=medium_symptom_mask=easy__seed-0/sheaf_physical_constraints-20261001T142949Z-662803f2/final.json,episodes/sheaf_physical_constraints__naming=medium_symptom_mask=easy__seed-0/sheaf_physical_constraints-20261001T142949Z-662803f2/trace.jsonl,episodes/sheaf_physical_constraints__naming=medium_symptom_mask=easy__seed-0/sheaf_physical_constraints-20261001T142949Z-662803f2/submission.patch,episodes/sheaf_physical_constraints__naming=medium_symptom_mask=easy__seed-0/sheaf_physical_constraints-20261001T142949Z-662803f2/workspace.diff
sheaf_schema_sync__naming=easy_symptom_mask=easy__seed-0,sheaf_schema_sync,category_theoretic_compositional,category_theoretic_compositional,compile_only,True,,0.0,patch_invalid,"[""Patch validation failed:\nFAIL: Patch file is empty\n\n""]",{},suite_checkpoint.json#/results/sheaf_schema_sync__naming=easy_symptom_mask=easy__seed-0,episodes/sheaf_schema_sync__naming=easy_symptom_mask=easy__seed-0/sheaf_schema_sync-20261001T155713Z-8a6ee35e/final.json,episodes/sheaf_schema_sync__naming=easy_symptom_mask=easy__seed-0/sheaf_schema_sync-20261001T155713Z-8a6ee35e/trace.jsonl,episodes/sheaf_schema_sync__naming=easy_symptom_mask=easy__seed-0/sheaf_schema_sync-20261001T155713Z-8a6ee35e/submission.patch,episodes/sheaf_schema_sync__naming=easy_symptom_mask=easy__seed-0/sheaf_schema_sync-20261001T155713Z-8a6ee35e/workspace.diff
sheaf_schema_sync__naming=easy_symptom_mask=medium__seed-0,sheaf_schema_sync,category_theoretic_compositional,category_theoretic_compositional,compile_only,True,,0.0,patch_invalid,"[""Patch validation failed:\nFAIL: Patch file is empty\n\n""]",{},suite_checkpoint.json#/results/sheaf_schema_sync__naming=easy_symptom_mask=medium__seed-0,episodes/sheaf_schema_sync__naming=easy_symptom_mask=medium__seed-0/sheaf_schema_sync-20261001T172832Z-1e912601/final.json,episodes/sheaf_schema_sync__naming=easy_symptom_mask=medium__seed-0/sheaf_schema_sync-20261001T172832Z-1e912601/trace.jsonl,episodes/sheaf_schema_sync__naming=easy_symptom_mask=medium__seed-0/sheaf_schema_sync-20261001T172832Z-1e912601/submission.patch,episodes/sheaf_schema_sync__naming=easy_symptom_mask=medium__seed-0/sheaf_schema_sync-20261001T172832Z-1e912601/workspace.diff
sheaf_schema_sync__naming=hard_symptom_mask=easy__seed-0,sheaf_schema_sync,category_theoretic_compositional,category_theoretic_compositional,compile_only,True,,0.0,patch_invalid,"[""Patch validation failed:\nFAIL: Patch file is empty\n\n""]",{},suite_checkpoint.json#/results/sheaf_schema_sync__naming=hard_symptom_mask=easy__seed-0,episodes/sheaf_schema_sync__naming=hard_symptom_mask=easy__seed-0/sheaf_schema_sync-20261001T163509Z-c8b7731e/final.json,episodes/sheaf_schema_sync__naming=hard_symptom_mask=easy__seed-0/sheaf_schema_sync-20261001T163509Z-c8b7731e/trace.jsonl,episodes/sheaf_schema_sync__naming=hard_symptom_mask=easy__seed-0/sheaf_schema_sync-20261001T163509Z-c8b7731e/submission.patch,episodes/sheaf_schema_sync__naming=hard_symptom_mask=easy__seed-0/sheaf_schema_sync-20261001T163509Z-c8b7731e/workspace.diff
sheaf_schema_sync__naming=medium_symptom_mask=easy__seed-0,sheaf_schema_sync,category_theoretic_compositional,category_theoretic_compositional,compile_only,True,,0.0,patch_invalid,"[""Patch validation failed:\nFAIL: Patch file is empty\n\n""]",{},suite_checkpoint.json#/results/sheaf_schema_sync__naming=medium_symptom_mask=easy__seed-0,episodes/sheaf_schema_sync__naming=medium_symptom_mask=easy__seed-0/sheaf_schema_sync-20261001T164835Z-0d9e2e52/final.json,episodes/sheaf_schema_sync__naming=medium_symptom_mask=easy__seed-0/sheaf_schema_sync-20261001T164835Z-0d9e2e52/trace.jsonl,episodes/sheaf_schema_sync__naming=medium_symptom_mask=easy__seed-0/sheaf_schema_sync-20261001T164835Z-0d9e2e52/submission.patch,episodes/sheaf_schema_sync__naming=medium_symptom_mask=easy__seed-0/sheaf_schema_sync-20261001T164835Z-0d9e2e52/workspace.diff
sql_fixed_point__surface_deceptiveness=easy_hidden_depth=medium__seed-0,sql_fixed_point,weird_machine,weird_machine,behavioral_reference,True,,0.0,source_invalid,"[""Source validation failed:\nVIOLATIONS:\n  query_module.py: SyntaxError: unterminated triple-quoted string literal (detected at line 25) (query_module.py, line 21)\n\nNOTE: This validator is NOT a security sandbox. Docker isolation is.\nSome bypasses (getattr, string concat, etc.) are not caught here.\n\n""]",{},suite_checkpoint.json#/results/sql_fixed_point__surface_deceptiveness=easy_hidden_depth=medium__seed-0,episodes/sql_fixed_point__surface_deceptiveness=easy_hidden_depth=medium__seed-0/sql_fixed_point-20260929T231711Z-4ce2943d/final.json,episodes/sql_fixed_point__surface_deceptiveness=easy_hidden_depth=medium__seed-0/sql_fixed_point-20260929T231711Z-4ce2943d/trace.jsonl,episodes/sql_fixed_point__surface_deceptiveness=easy_hidden_depth=medium__seed-0/sql_fixed_point-20260929T231711Z-4ce2943d/submission.patch,episodes/sql_fixed_point__surface_deceptiveness=easy_hidden_depth=medium__seed-0/sql_fixed_point-20260929T231711Z-4ce2943d/workspace.diff
tensor_functor__naming=easy_symptom_mask=hard__seed-0,tensor_functor,category_theoretic_compositional,category_theoretic_compositional,compile_only,True,,0.0,underfit,[],"{""changed_files"": [""model.py""], ""missing_required_files"": [], ""trusted_score"": 0.0}",suite_checkpoint.json#/results/tensor_functor__naming=easy_symptom_mask=hard__seed-0,episodes/tensor_functor__naming=easy_symptom_mask=hard__seed-0/tensor_functor-20261001T185903Z-2a3205d5/final.json,episodes/tensor_functor__naming=easy_symptom_mask=hard__seed-0/tensor_functor-20261001T185903Z-2a3205d5/trace.jsonl,episodes/tensor_functor__naming=easy_symptom_mask=hard__seed-0/tensor_functor-20261001T185903Z-2a3205d5/submission.patch,episodes/tensor_functor__naming=easy_symptom_mask=hard__seed-0/tensor_functor-20261001T185903Z-2a3205d5/workspace.diff
tensor_functor__naming=easy_symptom_mask=medium__seed-0,tensor_functor,category_theoretic_compositional,category_theoretic_compositional,compile_only,True,,0.0,underfit,[],"{""changed_files"": [""model.py""], ""missing_required_files"": [], ""trusted_score"": 0.0}",suite_checkpoint.json#/results/tensor_functor__naming=easy_symptom_mask=medium__seed-0,episodes/tensor_functor__naming=easy_symptom_mask=medium__seed-0/tensor_functor-20261001T192354Z-594ce5d7/final.json,episodes/tensor_functor__naming=easy_symptom_mask=medium__seed-0/tensor_functor-20261001T192354Z-594ce5d7/trace.jsonl,episodes/tensor_functor__naming=easy_symptom_mask=medium__seed-0/tensor_functor-20261001T192354Z-594ce5d7/submission.patch,episodes/tensor_functor__naming=easy_symptom_mask=medium__seed-0/tensor_functor-20261001T192354Z-594ce5d7/workspace.diff
tensor_functor__naming=medium_symptom_mask=easy__seed-0,tensor_functor,category_theoretic_compositional,category_theoretic_compositional,compile_only,True,,0.0,underfit,[],"{""changed_files"": [""model.py""], ""missing_required_files"": [], ""trusted_score"": 0.0}",suite_checkpoint.json#/results/tensor_functor__naming=medium_symptom_mask=easy__seed-0,episodes/tensor_functor__naming=medium_symptom_mask=easy__seed-0/tensor_functor-20261001T184912Z-ce404170/final.json,episodes/tensor_functor__naming=medium_symptom_mask=easy__seed-0/tensor_functor-20261001T184912Z-ce404170/trace.jsonl,episodes/tensor_functor__naming=medium_symptom_mask=easy__seed-0/tensor_functor-20261001T184912Z-ce404170/submission.patch,episodes/tensor_functor__naming=medium_symptom_mask=easy__seed-0/tensor_functor-20261001T184912Z-ce404170/workspace.diff
ts_one_step__witness_status=broken_representation=flat__seed-0,ts_one_step,trajectory_solver_synthesis,trajectory_solver_synthesis,compile_only,True,,0.2857142857142857,underfit,[],"{""query_type"": ""one_step"", ""track"": ""solver_synthesis_debugging""}",suite_checkpoint.json#/results/ts_one_step__witness_status=broken_representation=flat__seed-0,episodes/ts_one_step__witness_status=broken_representation=flat__seed-0/ts_one_step-20261001T224901Z-d290de42/final.json,episodes/ts_one_step__witness_status=broken_representation=flat__seed-0/ts_one_step-20261001T224901Z-d290de42/trace.jsonl,episodes/ts_one_step__witness_status=broken_representation=flat__seed-0/ts_one_step-20261001T224901Z-d290de42/submission.patch,episodes/ts_one_step__witness_status=broken_representation=flat__seed-0/ts_one_step-20261001T224901Z-d290de42/workspace.diff
ts_one_step__witness_status=broken_representation=reflective__seed-0,ts_one_step,trajectory_solver_synthesis,trajectory_solver_synthesis,compile_only,True,,0.0,source_invalid,"[""Source validation failed:\nVIOLATIONS:\n  solution.py: SyntaxError: unterminated triple-quoted string literal (detected at line 57) (solution.py, line 1)\n\nNOTE: This validator is NOT a security sandbox. Docker isolation is.\nSome bypasses (getattr, string concat, etc.) are not caught here.\n\n""]",{},suite_checkpoint.json#/results/ts_one_step__witness_status=broken_representation=reflective__seed-0,episodes/ts_one_step__witness_status=broken_representation=reflective__seed-0/ts_one_step-20261001T230221Z-d068a098/final.json,episodes/ts_one_step__witness_status=broken_representation=reflective__seed-0/ts_one_step-20261001T230221Z-d068a098/trace.jsonl,episodes/ts_one_step__witness_status=broken_representation=reflective__seed-0/ts_one_step-20261001T230221Z-d068a098/submission.patch,episodes/ts_one_step__witness_status=broken_representation=reflective__seed-0/ts_one_step-20261001T230221Z-d068a098/workspace.diff
ts_one_step__witness_status=valid_representation=flat__seed-0,ts_one_step,trajectory_solver_synthesis,trajectory_solver_synthesis,compile_only,True,,0.7142857142857143,underfit,[],"{""query_type"": ""one_step"", ""track"": ""solver_synthesis_debugging""}",suite_checkpoint.json#/results/ts_one_step__witness_status=valid_representation=flat__seed-0,episodes/ts_one_step__witness_status=valid_representation=flat__seed-0/ts_one_step-20261001T225531Z-98a5793d/final.json,episodes/ts_one_step__witness_status=valid_representation=flat__seed-0/ts_one_step-20261001T225531Z-98a5793d/trace.jsonl,episodes/ts_one_step__witness_status=valid_representation=flat__seed-0/ts_one_step-20261001T225531Z-98a5793d/submission.patch,episodes/ts_one_step__witness_status=valid_representation=flat__seed-0/ts_one_step-20261001T225531Z-98a5793d/workspace.diff
ts_parse_only__witness_status=broken_representation=reflective__seed-0,ts_parse_only,trajectory_solver_synthesis,trajectory_solver_synthesis,compile_only,True,,0.5,underfit,[],"{""query_type"": ""parse_only"", ""track"": ""solver_synthesis_debugging""}",suite_checkpoint.json#/results/ts_parse_only__witness_status=broken_representation=reflective__seed-0,episodes/ts_parse_only__witness_status=broken_representation=reflective__seed-0/ts_parse_only-20261002T001129Z-b3413dbe/final.json,episodes/ts_parse_only__witness_status=broken_representation=reflective__seed-0/ts_parse_only-20261002T001129Z-b3413dbe/trace.jsonl,episodes/ts_parse_only__witness_status=broken_representation=reflective__seed-0/ts_parse_only-20261002T001129Z-b3413dbe/submission.patch,episodes/ts_parse_only__witness_status=broken_representation=reflective__seed-0/ts_parse_only-20261002T001129Z-b3413dbe/workspace.diff
ts_trajectory__witness_status=broken_representation=flat__seed-0,ts_trajectory,trajectory_solver_synthesis,trajectory_solver_synthesis,compile_only,True,,0.0,runtime_error,"[""0""]","{""changed_files"": [""solution.py""], ""missing_required_files"": []}",suite_checkpoint.json#/results/ts_trajectory__witness_status=broken_representation=flat__seed-0,episodes/ts_trajectory__witness_status=broken_representation=flat__seed-0/ts_trajectory-20261002T003610Z-16b10007/final.json,episodes/ts_trajectory__witness_status=broken_representation=flat__seed-0/ts_trajectory-20261002T003610Z-16b10007/trace.jsonl,episodes/ts_trajectory__witness_status=broken_representation=flat__seed-0/ts_trajectory-20261002T003610Z-16b10007/submission.patch,episodes/ts_trajectory__witness_status=broken_representation=flat__seed-0/ts_trajectory-20261002T003610Z-16b10007/workspace.diff
ts_trajectory__witness_status=broken_representation=reflective__seed-0,ts_trajectory,trajectory_solver_synthesis,trajectory_solver_synthesis,compile_only,False,campaign report provider-outage case; final result explicitly attributes terminal failure to provider transient after bounded retries,0.0,invalid_action,"[""provider transient failure after bounded retries""]",{},suite_checkpoint.json#/results/ts_trajectory__witness_status=broken_representation=reflective__seed-0,episodes/ts_trajectory__witness_status=broken_representation=reflective__seed-0/ts_trajectory-20261002T142441Z-0eb60a63/final.json,episodes/ts_trajectory__witness_status=broken_representation=reflective__seed-0/ts_trajectory-20261002T142441Z-0eb60a63/trace.jsonl,episodes/ts_trajectory__witness_status=broken_representation=reflective__seed-0/ts_trajectory-20261002T142441Z-0eb60a63/submission.patch,episodes/ts_trajectory__witness_status=broken_representation=reflective__seed-0/ts_trajectory-20261002T142441Z-0eb60a63/workspace.diff
ts_trajectory__witness_status=valid_representation=flat__seed-0,ts_trajectory,trajectory_solver_synthesis,trajectory_solver_synthesis,compile_only,True,,0.0,runtime_error,"[""cannot parse rule: ' B(payload) -> C(flip(payload))'""]","{""changed_files"": [""solution.py""], ""missing_required_files"": []}",suite_checkpoint.json#/results/ts_trajectory__witness_status=valid_representation=flat__seed-0,episodes/ts_trajectory__witness_status=valid_representation=flat__seed-0/ts_trajectory-20261002T004608Z-c6d70499/final.json,episodes/ts_trajectory__witness_status=valid_representation=flat__seed-0/ts_trajectory-20261002T004608Z-c6d70499/trace.jsonl,episodes/ts_trajectory__witness_status=valid_representation=flat__seed-0/ts_trajectory-20261002T004608Z-c6d70499/submission.patch,episodes/ts_trajectory__witness_status=valid_representation=flat__seed-0/ts_trajectory-20261002T004608Z-c6d70499/workspace.diff
