environment,track,axis,other_axis_controls,level,recorded_cases,performance_eligible_cases,passes,fails,pass_rate,scores,case_ids,judge_guarantees
ci_dependency_graph,weird_machine,hidden_depth,"{""surface_deceptiveness"": ""easy""}",easy,1,1,1,0,1.0,[1.0],"[""ci_dependency_graph__surface_deceptiveness=easy_hidden_depth=easy__seed-0""]","[""behavioral_reference""]"
ci_dependency_graph,weird_machine,hidden_depth,"{""surface_deceptiveness"": ""easy""}",hard,1,1,1,0,1.0,[1.0],"[""ci_dependency_graph__surface_deceptiveness=easy_hidden_depth=hard__seed-0""]","[""behavioral_reference""]"
ci_dependency_graph,weird_machine,hidden_depth,"{""surface_deceptiveness"": ""easy""}",medium,1,1,1,0,1.0,[1.0],"[""ci_dependency_graph__surface_deceptiveness=easy_hidden_depth=medium__seed-0""]","[""behavioral_reference""]"
ci_dependency_graph,weird_machine,hidden_depth,"{""surface_deceptiveness"": ""hard""}",easy,1,1,1,0,1.0,[1.0],"[""ci_dependency_graph__surface_deceptiveness=hard_hidden_depth=easy__seed-0""]","[""behavioral_reference""]"
ci_dependency_graph,weird_machine,hidden_depth,"{""surface_deceptiveness"": ""medium""}",easy,1,1,1,0,1.0,[1.0],"[""ci_dependency_graph__surface_deceptiveness=medium_hidden_depth=easy__seed-0""]","[""behavioral_reference""]"
ci_dependency_graph,weird_machine,surface_deceptiveness,"{""hidden_depth"": ""easy""}",easy,1,1,1,0,1.0,[1.0],"[""ci_dependency_graph__surface_deceptiveness=easy_hidden_depth=easy__seed-0""]","[""behavioral_reference""]"
ci_dependency_graph,weird_machine,surface_deceptiveness,"{""hidden_depth"": ""easy""}",hard,1,1,1,0,1.0,[1.0],"[""ci_dependency_graph__surface_deceptiveness=hard_hidden_depth=easy__seed-0""]","[""behavioral_reference""]"
ci_dependency_graph,weird_machine,surface_deceptiveness,"{""hidden_depth"": ""easy""}",medium,1,1,1,0,1.0,[1.0],"[""ci_dependency_graph__surface_deceptiveness=medium_hidden_depth=easy__seed-0""]","[""behavioral_reference""]"
ci_dependency_graph,weird_machine,surface_deceptiveness,"{""hidden_depth"": ""hard""}",easy,1,1,1,0,1.0,[1.0],"[""ci_dependency_graph__surface_deceptiveness=easy_hidden_depth=hard__seed-0""]","[""behavioral_reference""]"
ci_dependency_graph,weird_machine,surface_deceptiveness,"{""hidden_depth"": ""medium""}",easy,1,1,1,0,1.0,[1.0],"[""ci_dependency_graph__surface_deceptiveness=easy_hidden_depth=medium__seed-0""]","[""behavioral_reference""]"
css_state_machine,weird_machine,hidden_depth,"{""surface_deceptiveness"": ""easy""}",easy,1,1,0,1,0.0,[0.416667],"[""css_state_machine__surface_deceptiveness=easy_hidden_depth=easy__seed-0""]","[""behavioral_reference""]"
css_state_machine,weird_machine,hidden_depth,"{""surface_deceptiveness"": ""easy""}",hard,1,1,1,0,1.0,[1.0],"[""css_state_machine__surface_deceptiveness=easy_hidden_depth=hard__seed-0""]","[""behavioral_reference""]"
css_state_machine,weird_machine,hidden_depth,"{""surface_deceptiveness"": ""easy""}",medium,1,1,0,1,0.0,[0.0],"[""css_state_machine__surface_deceptiveness=easy_hidden_depth=medium__seed-0""]","[""behavioral_reference""]"
css_state_machine,weird_machine,hidden_depth,"{""surface_deceptiveness"": ""hard""}",easy,1,1,1,0,1.0,[1.0],"[""css_state_machine__surface_deceptiveness=hard_hidden_depth=easy__seed-0""]","[""behavioral_reference""]"
css_state_machine,weird_machine,hidden_depth,"{""surface_deceptiveness"": ""medium""}",easy,1,1,1,0,1.0,[1.0],"[""css_state_machine__surface_deceptiveness=medium_hidden_depth=easy__seed-0""]","[""behavioral_reference""]"
css_state_machine,weird_machine,surface_deceptiveness,"{""hidden_depth"": ""easy""}",easy,1,1,0,1,0.0,[0.416667],"[""css_state_machine__surface_deceptiveness=easy_hidden_depth=easy__seed-0""]","[""behavioral_reference""]"
css_state_machine,weird_machine,surface_deceptiveness,"{""hidden_depth"": ""easy""}",hard,1,1,1,0,1.0,[1.0],"[""css_state_machine__surface_deceptiveness=hard_hidden_depth=easy__seed-0""]","[""behavioral_reference""]"
css_state_machine,weird_machine,surface_deceptiveness,"{""hidden_depth"": ""easy""}",medium,1,1,1,0,1.0,[1.0],"[""css_state_machine__surface_deceptiveness=medium_hidden_depth=easy__seed-0""]","[""behavioral_reference""]"
css_state_machine,weird_machine,surface_deceptiveness,"{""hidden_depth"": ""hard""}",easy,1,1,1,0,1.0,[1.0],"[""css_state_machine__surface_deceptiveness=easy_hidden_depth=hard__seed-0""]","[""behavioral_reference""]"
css_state_machine,weird_machine,surface_deceptiveness,"{""hidden_depth"": ""medium""}",easy,1,1,0,1,0.0,[0.0],"[""css_state_machine__surface_deceptiveness=easy_hidden_depth=medium__seed-0""]","[""behavioral_reference""]"
regex_state_machine,weird_machine,hidden_depth,"{""surface_deceptiveness"": ""easy""}",easy,1,1,1,0,1.0,[1.0],"[""regex_state_machine__surface_deceptiveness=easy_hidden_depth=easy__seed-0""]","[""behavioral_reference""]"
regex_state_machine,weird_machine,hidden_depth,"{""surface_deceptiveness"": ""easy""}",hard,1,1,1,0,1.0,[1.0],"[""regex_state_machine__surface_deceptiveness=easy_hidden_depth=hard__seed-0""]","[""behavioral_reference""]"
regex_state_machine,weird_machine,hidden_depth,"{""surface_deceptiveness"": ""easy""}",medium,1,1,1,0,1.0,[1.0],"[""regex_state_machine__surface_deceptiveness=easy_hidden_depth=medium__seed-0""]","[""behavioral_reference""]"
regex_state_machine,weird_machine,hidden_depth,"{""surface_deceptiveness"": ""hard""}",easy,1,1,0,1,0.0,[0.208333],"[""regex_state_machine__surface_deceptiveness=hard_hidden_depth=easy__seed-0""]","[""behavioral_reference""]"
regex_state_machine,weird_machine,hidden_depth,"{""surface_deceptiveness"": ""medium""}",easy,1,1,0,1,0.0,[0.208333],"[""regex_state_machine__surface_deceptiveness=medium_hidden_depth=easy__seed-0""]","[""behavioral_reference""]"
regex_state_machine,weird_machine,surface_deceptiveness,"{""hidden_depth"": ""easy""}",easy,1,1,1,0,1.0,[1.0],"[""regex_state_machine__surface_deceptiveness=easy_hidden_depth=easy__seed-0""]","[""behavioral_reference""]"
regex_state_machine,weird_machine,surface_deceptiveness,"{""hidden_depth"": ""easy""}",hard,1,1,0,1,0.0,[0.208333],"[""regex_state_machine__surface_deceptiveness=hard_hidden_depth=easy__seed-0""]","[""behavioral_reference""]"
regex_state_machine,weird_machine,surface_deceptiveness,"{""hidden_depth"": ""easy""}",medium,1,1,0,1,0.0,[0.208333],"[""regex_state_machine__surface_deceptiveness=medium_hidden_depth=easy__seed-0""]","[""behavioral_reference""]"
regex_state_machine,weird_machine,surface_deceptiveness,"{""hidden_depth"": ""hard""}",easy,1,1,1,0,1.0,[1.0],"[""regex_state_machine__surface_deceptiveness=easy_hidden_depth=hard__seed-0""]","[""behavioral_reference""]"
regex_state_machine,weird_machine,surface_deceptiveness,"{""hidden_depth"": ""medium""}",easy,1,1,1,0,1.0,[1.0],"[""regex_state_machine__surface_deceptiveness=easy_hidden_depth=medium__seed-0""]","[""behavioral_reference""]"
spreadsheet_dataflow,weird_machine,hidden_depth,"{""surface_deceptiveness"": ""easy""}",easy,1,1,1,0,1.0,[1.0],"[""spreadsheet_dataflow__surface_deceptiveness=easy_hidden_depth=easy__seed-0""]","[""behavioral_reference""]"
spreadsheet_dataflow,weird_machine,hidden_depth,"{""surface_deceptiveness"": ""easy""}",hard,1,1,1,0,1.0,[1.0],"[""spreadsheet_dataflow__surface_deceptiveness=easy_hidden_depth=hard__seed-0""]","[""behavioral_reference""]"
spreadsheet_dataflow,weird_machine,hidden_depth,"{""surface_deceptiveness"": ""easy""}",medium,1,1,1,0,1.0,[1.0],"[""spreadsheet_dataflow__surface_deceptiveness=easy_hidden_depth=medium__seed-0""]","[""behavioral_reference""]"
spreadsheet_dataflow,weird_machine,hidden_depth,"{""surface_deceptiveness"": ""hard""}",easy,1,1,1,0,1.0,[1.0],"[""spreadsheet_dataflow__surface_deceptiveness=hard_hidden_depth=easy__seed-0""]","[""behavioral_reference""]"
spreadsheet_dataflow,weird_machine,hidden_depth,"{""surface_deceptiveness"": ""medium""}",easy,1,1,1,0,1.0,[1.0],"[""spreadsheet_dataflow__surface_deceptiveness=medium_hidden_depth=easy__seed-0""]","[""behavioral_reference""]"
spreadsheet_dataflow,weird_machine,surface_deceptiveness,"{""hidden_depth"": ""easy""}",easy,1,1,1,0,1.0,[1.0],"[""spreadsheet_dataflow__surface_deceptiveness=easy_hidden_depth=easy__seed-0""]","[""behavioral_reference""]"
spreadsheet_dataflow,weird_machine,surface_deceptiveness,"{""hidden_depth"": ""easy""}",hard,1,1,1,0,1.0,[1.0],"[""spreadsheet_dataflow__surface_deceptiveness=hard_hidden_depth=easy__seed-0""]","[""behavioral_reference""]"
spreadsheet_dataflow,weird_machine,surface_deceptiveness,"{""hidden_depth"": ""easy""}",medium,1,1,1,0,1.0,[1.0],"[""spreadsheet_dataflow__surface_deceptiveness=medium_hidden_depth=easy__seed-0""]","[""behavioral_reference""]"
spreadsheet_dataflow,weird_machine,surface_deceptiveness,"{""hidden_depth"": ""hard""}",easy,1,1,1,0,1.0,[1.0],"[""spreadsheet_dataflow__surface_deceptiveness=easy_hidden_depth=hard__seed-0""]","[""behavioral_reference""]"
spreadsheet_dataflow,weird_machine,surface_deceptiveness,"{""hidden_depth"": ""medium""}",easy,1,1,1,0,1.0,[1.0],"[""spreadsheet_dataflow__surface_deceptiveness=easy_hidden_depth=medium__seed-0""]","[""behavioral_reference""]"
sql_fixed_point,weird_machine,hidden_depth,"{""surface_deceptiveness"": ""easy""}",easy,1,1,1,0,1.0,[1.0],"[""sql_fixed_point__surface_deceptiveness=easy_hidden_depth=easy__seed-0""]","[""behavioral_reference""]"
sql_fixed_point,weird_machine,hidden_depth,"{""surface_deceptiveness"": ""easy""}",hard,1,1,1,0,1.0,[1.0],"[""sql_fixed_point__surface_deceptiveness=easy_hidden_depth=hard__seed-0""]","[""behavioral_reference""]"
sql_fixed_point,weird_machine,hidden_depth,"{""surface_deceptiveness"": ""easy""}",medium,1,1,0,1,0.0,[0.0],"[""sql_fixed_point__surface_deceptiveness=easy_hidden_depth=medium__seed-0""]","[""behavioral_reference""]"
sql_fixed_point,weird_machine,hidden_depth,"{""surface_deceptiveness"": ""hard""}",easy,1,1,1,0,1.0,[1.0],"[""sql_fixed_point__surface_deceptiveness=hard_hidden_depth=easy__seed-0""]","[""behavioral_reference""]"
sql_fixed_point,weird_machine,hidden_depth,"{""surface_deceptiveness"": ""medium""}",easy,1,1,1,0,1.0,[1.0],"[""sql_fixed_point__surface_deceptiveness=medium_hidden_depth=easy__seed-0""]","[""behavioral_reference""]"
sql_fixed_point,weird_machine,surface_deceptiveness,"{""hidden_depth"": ""easy""}",easy,1,1,1,0,1.0,[1.0],"[""sql_fixed_point__surface_deceptiveness=easy_hidden_depth=easy__seed-0""]","[""behavioral_reference""]"
sql_fixed_point,weird_machine,surface_deceptiveness,"{""hidden_depth"": ""easy""}",hard,1,1,1,0,1.0,[1.0],"[""sql_fixed_point__surface_deceptiveness=hard_hidden_depth=easy__seed-0""]","[""behavioral_reference""]"
sql_fixed_point,weird_machine,surface_deceptiveness,"{""hidden_depth"": ""easy""}",medium,1,1,1,0,1.0,[1.0],"[""sql_fixed_point__surface_deceptiveness=medium_hidden_depth=easy__seed-0""]","[""behavioral_reference""]"
sql_fixed_point,weird_machine,surface_deceptiveness,"{""hidden_depth"": ""hard""}",easy,1,1,1,0,1.0,[1.0],"[""sql_fixed_point__surface_deceptiveness=easy_hidden_depth=hard__seed-0""]","[""behavioral_reference""]"
sql_fixed_point,weird_machine,surface_deceptiveness,"{""hidden_depth"": ""medium""}",easy,1,1,0,1,0.0,[0.0],"[""sql_fixed_point__surface_deceptiveness=easy_hidden_depth=medium__seed-0""]","[""behavioral_reference""]"
template_interpreter,weird_machine,hidden_depth,"{""surface_deceptiveness"": ""easy""}",easy,1,1,1,0,1.0,[1.0],"[""template_interpreter__surface_deceptiveness=easy_hidden_depth=easy__seed-0""]","[""behavioral_reference""]"
template_interpreter,weird_machine,hidden_depth,"{""surface_deceptiveness"": ""easy""}",hard,1,1,1,0,1.0,[1.0],"[""template_interpreter__surface_deceptiveness=easy_hidden_depth=hard__seed-0""]","[""behavioral_reference""]"
template_interpreter,weird_machine,hidden_depth,"{""surface_deceptiveness"": ""easy""}",medium,1,1,1,0,1.0,[1.0],"[""template_interpreter__surface_deceptiveness=easy_hidden_depth=medium__seed-0""]","[""behavioral_reference""]"
template_interpreter,weird_machine,hidden_depth,"{""surface_deceptiveness"": ""hard""}",easy,1,1,1,0,1.0,[1.0],"[""template_interpreter__surface_deceptiveness=hard_hidden_depth=easy__seed-0""]","[""behavioral_reference""]"
template_interpreter,weird_machine,hidden_depth,"{""surface_deceptiveness"": ""medium""}",easy,1,1,1,0,1.0,[1.0],"[""template_interpreter__surface_deceptiveness=medium_hidden_depth=easy__seed-0""]","[""behavioral_reference""]"
template_interpreter,weird_machine,surface_deceptiveness,"{""hidden_depth"": ""easy""}",easy,1,1,1,0,1.0,[1.0],"[""template_interpreter__surface_deceptiveness=easy_hidden_depth=easy__seed-0""]","[""behavioral_reference""]"
template_interpreter,weird_machine,surface_deceptiveness,"{""hidden_depth"": ""easy""}",hard,1,1,1,0,1.0,[1.0],"[""template_interpreter__surface_deceptiveness=hard_hidden_depth=easy__seed-0""]","[""behavioral_reference""]"
template_interpreter,weird_machine,surface_deceptiveness,"{""hidden_depth"": ""easy""}",medium,1,1,1,0,1.0,[1.0],"[""template_interpreter__surface_deceptiveness=medium_hidden_depth=easy__seed-0""]","[""behavioral_reference""]"
template_interpreter,weird_machine,surface_deceptiveness,"{""hidden_depth"": ""hard""}",easy,1,1,1,0,1.0,[1.0],"[""template_interpreter__surface_deceptiveness=easy_hidden_depth=hard__seed-0""]","[""behavioral_reference""]"
template_interpreter,weird_machine,surface_deceptiveness,"{""hidden_depth"": ""medium""}",easy,1,1,1,0,1.0,[1.0],"[""template_interpreter__surface_deceptiveness=easy_hidden_depth=medium__seed-0""]","[""behavioral_reference""]"
