case_id,environment,track,analysis_family,seed,difficulty_levels,judge_guarantee,status,verdict,score,failure_mode_raw,failure_mode_normalized,final_notes,final_metrics,performance_eligible,exclusion_reason
ci_dependency_graph__surface_deceptiveness=easy_hidden_depth=easy__seed-0,ci_dependency_graph,weird_machine,weird_machine,0,"{""hidden_depth"": ""easy"", ""surface_deceptiveness"": ""easy""}",behavioral_reference,scored,PASS,1.0,pass,pass,[],"{""changed_files"": [""ci_machine.py""], ""missing_required_files"": [], ""trusted_score"": 1.0}",True,
ci_dependency_graph__surface_deceptiveness=easy_hidden_depth=hard__seed-0,ci_dependency_graph,weird_machine,weird_machine,0,"{""hidden_depth"": ""hard"", ""surface_deceptiveness"": ""easy""}",behavioral_reference,scored,PASS,1.0,pass,pass,[],"{""changed_files"": [""ci_machine.py""], ""missing_required_files"": [], ""trusted_score"": 1.0}",True,
ci_dependency_graph__surface_deceptiveness=easy_hidden_depth=medium__seed-0,ci_dependency_graph,weird_machine,weird_machine,0,"{""hidden_depth"": ""medium"", ""surface_deceptiveness"": ""easy""}",behavioral_reference,scored,PASS,1.0,pass,pass,[],"{""changed_files"": [""ci_machine.py""], ""missing_required_files"": [], ""trusted_score"": 1.0}",True,
ci_dependency_graph__surface_deceptiveness=hard_hidden_depth=easy__seed-0,ci_dependency_graph,weird_machine,weird_machine,0,"{""hidden_depth"": ""easy"", ""surface_deceptiveness"": ""hard""}",behavioral_reference,scored,PASS,1.0,pass,pass,[],"{""changed_files"": [""ci_machine.py""], ""missing_required_files"": [], ""trusted_score"": 1.0}",True,
ci_dependency_graph__surface_deceptiveness=medium_hidden_depth=easy__seed-0,ci_dependency_graph,weird_machine,weird_machine,0,"{""hidden_depth"": ""easy"", ""surface_deceptiveness"": ""medium""}",behavioral_reference,scored,PASS,1.0,pass,pass,[],"{""changed_files"": [""ci_machine.py""], ""missing_required_files"": [], ""trusted_score"": 1.0}",True,
css_state_machine__surface_deceptiveness=easy_hidden_depth=easy__seed-0,css_state_machine,weird_machine,weird_machine,0,"{""hidden_depth"": ""easy"", ""surface_deceptiveness"": ""easy""}",behavioral_reference,scored,FAIL,0.416667,underfit,underfit,[],"{""changed_files"": [""css_logic.py""], ""missing_required_files"": [], ""trusted_score"": 0.5}",True,
css_state_machine__surface_deceptiveness=easy_hidden_depth=hard__seed-0,css_state_machine,weird_machine,weird_machine,0,"{""hidden_depth"": ""hard"", ""surface_deceptiveness"": ""easy""}",behavioral_reference,scored,PASS,1.0,pass,pass,[],"{""changed_files"": [""css_logic.py""], ""missing_required_files"": [], ""trusted_score"": 1.0}",True,
css_state_machine__surface_deceptiveness=easy_hidden_depth=medium__seed-0,css_state_machine,weird_machine,weird_machine,0,"{""hidden_depth"": ""medium"", ""surface_deceptiveness"": ""easy""}",behavioral_reference,scored,FAIL,0.0,source_invalid,source_invalid,"[""Source validation failed:\nVIOLATIONS:\n  css_logic.py: Line 42: disallowed import 're' (top-level 're' not in allowlist)\n\nNOTE: This validator is NOT a security sandbox. Docker isolation is.\nSome bypasses (getattr, string concat, etc.) are not caught here.\n\n""]",{},True,
css_state_machine__surface_deceptiveness=hard_hidden_depth=easy__seed-0,css_state_machine,weird_machine,weird_machine,0,"{""hidden_depth"": ""easy"", ""surface_deceptiveness"": ""hard""}",behavioral_reference,scored,PASS,1.0,pass,pass,[],"{""changed_files"": [""css_logic.py""], ""missing_required_files"": [], ""trusted_score"": 1.0}",True,
css_state_machine__surface_deceptiveness=medium_hidden_depth=easy__seed-0,css_state_machine,weird_machine,weird_machine,0,"{""hidden_depth"": ""easy"", ""surface_deceptiveness"": ""medium""}",behavioral_reference,scored,PASS,1.0,pass,pass,[],"{""changed_files"": [""css_logic.py""], ""missing_required_files"": [], ""trusted_score"": 1.0}",True,
regex_state_machine__surface_deceptiveness=easy_hidden_depth=easy__seed-0,regex_state_machine,weird_machine,weird_machine,0,"{""hidden_depth"": ""easy"", ""surface_deceptiveness"": ""easy""}",behavioral_reference,scored,PASS,1.0,pass,pass,[],"{""changed_files"": [""regex_machine.py""], ""missing_required_files"": [], ""trusted_score"": 1.0}",True,
regex_state_machine__surface_deceptiveness=easy_hidden_depth=hard__seed-0,regex_state_machine,weird_machine,weird_machine,0,"{""hidden_depth"": ""hard"", ""surface_deceptiveness"": ""easy""}",behavioral_reference,scored,PASS,1.0,pass,pass,[],"{""changed_files"": [""regex_machine.py""], ""missing_required_files"": [], ""trusted_score"": 1.0}",True,
regex_state_machine__surface_deceptiveness=easy_hidden_depth=medium__seed-0,regex_state_machine,weird_machine,weird_machine,0,"{""hidden_depth"": ""medium"", ""surface_deceptiveness"": ""easy""}",behavioral_reference,scored,PASS,1.0,pass,pass,[],"{""changed_files"": [""regex_machine.py""], ""missing_required_files"": [], ""trusted_score"": 1.0}",True,
regex_state_machine__surface_deceptiveness=hard_hidden_depth=easy__seed-0,regex_state_machine,weird_machine,weird_machine,0,"{""hidden_depth"": ""easy"", ""surface_deceptiveness"": ""hard""}",behavioral_reference,scored,FAIL,0.208333,underfit,underfit,"[""Morphism Error Report: Collapsed on length mismatch (in=32, out=66). ""]","{""changed_files"": [""regex_machine.py""], ""missing_required_files"": [], ""trace_forensics"": {""boundary_collapse"": ""length mismatch (in=32, out=66)"", ""failed_rules"": []}, ""trusted_score"": 0.25}",True,
regex_state_machine__surface_deceptiveness=medium_hidden_depth=easy__seed-0,regex_state_machine,weird_machine,weird_machine,0,"{""hidden_depth"": ""easy"", ""surface_deceptiveness"": ""medium""}",behavioral_reference,scored,FAIL,0.208333,underfit,underfit,"[""Morphism Error Report: Collapsed on length mismatch (in=32, out=34). ""]","{""changed_files"": [""regex_machine.py""], ""missing_required_files"": [], ""trace_forensics"": {""boundary_collapse"": ""length mismatch (in=32, out=34)"", ""failed_rules"": []}, ""trusted_score"": 0.25}",True,
spreadsheet_dataflow__surface_deceptiveness=easy_hidden_depth=easy__seed-0,spreadsheet_dataflow,weird_machine,weird_machine,0,"{""hidden_depth"": ""easy"", ""surface_deceptiveness"": ""easy""}",behavioral_reference,scored,PASS,1.0,pass,pass,[],"{""changed_files"": [""sheet_model.py""], ""missing_required_files"": [], ""trusted_score"": 1.0}",True,
spreadsheet_dataflow__surface_deceptiveness=easy_hidden_depth=hard__seed-0,spreadsheet_dataflow,weird_machine,weird_machine,0,"{""hidden_depth"": ""hard"", ""surface_deceptiveness"": ""easy""}",behavioral_reference,scored,PASS,1.0,pass,pass,[],"{""changed_files"": [""sheet_model.py""], ""missing_required_files"": [], ""trusted_score"": 1.0}",True,
spreadsheet_dataflow__surface_deceptiveness=easy_hidden_depth=medium__seed-0,spreadsheet_dataflow,weird_machine,weird_machine,0,"{""hidden_depth"": ""medium"", ""surface_deceptiveness"": ""easy""}",behavioral_reference,scored,PASS,1.0,pass,pass,[],"{""changed_files"": [""sheet_model.py""], ""missing_required_files"": [], ""trusted_score"": 1.0}",True,
spreadsheet_dataflow__surface_deceptiveness=hard_hidden_depth=easy__seed-0,spreadsheet_dataflow,weird_machine,weird_machine,0,"{""hidden_depth"": ""easy"", ""surface_deceptiveness"": ""hard""}",behavioral_reference,scored,PASS,1.0,pass,pass,[],"{""changed_files"": [""sheet_model.py""], ""missing_required_files"": [], ""trusted_score"": 1.0}",True,
spreadsheet_dataflow__surface_deceptiveness=medium_hidden_depth=easy__seed-0,spreadsheet_dataflow,weird_machine,weird_machine,0,"{""hidden_depth"": ""easy"", ""surface_deceptiveness"": ""medium""}",behavioral_reference,scored,PASS,1.0,pass,pass,[],"{""changed_files"": [""sheet_model.py""], ""missing_required_files"": [], ""trusted_score"": 1.0}",True,
sql_fixed_point__surface_deceptiveness=easy_hidden_depth=easy__seed-0,sql_fixed_point,weird_machine,weird_machine,0,"{""hidden_depth"": ""easy"", ""surface_deceptiveness"": ""easy""}",behavioral_reference,scored,PASS,1.0,pass,pass,[],"{""changed_files"": [""query_module.py""], ""missing_required_files"": [], ""trusted_score"": 1.0}",True,
sql_fixed_point__surface_deceptiveness=easy_hidden_depth=hard__seed-0,sql_fixed_point,weird_machine,weird_machine,0,"{""hidden_depth"": ""hard"", ""surface_deceptiveness"": ""easy""}",behavioral_reference,scored,PASS,1.0,pass,pass,[],"{""changed_files"": [""query_module.py""], ""missing_required_files"": [], ""trusted_score"": 1.0}",True,
sql_fixed_point__surface_deceptiveness=easy_hidden_depth=medium__seed-0,sql_fixed_point,weird_machine,weird_machine,0,"{""hidden_depth"": ""medium"", ""surface_deceptiveness"": ""easy""}",behavioral_reference,scored,FAIL,0.0,source_invalid,source_invalid,"[""Source validation failed:\nVIOLATIONS:\n  query_module.py: SyntaxError: unterminated triple-quoted string literal (detected at line 25) (query_module.py, line 21)\n\nNOTE: This validator is NOT a security sandbox. Docker isolation is.\nSome bypasses (getattr, string concat, etc.) are not caught here.\n\n""]",{},True,
sql_fixed_point__surface_deceptiveness=hard_hidden_depth=easy__seed-0,sql_fixed_point,weird_machine,weird_machine,0,"{""hidden_depth"": ""easy"", ""surface_deceptiveness"": ""hard""}",behavioral_reference,scored,PASS,1.0,pass,pass,[],"{""changed_files"": [""query_module.py""], ""missing_required_files"": [], ""trusted_score"": 1.0}",True,
sql_fixed_point__surface_deceptiveness=medium_hidden_depth=easy__seed-0,sql_fixed_point,weird_machine,weird_machine,0,"{""hidden_depth"": ""easy"", ""surface_deceptiveness"": ""medium""}",behavioral_reference,scored,PASS,1.0,pass,pass,[],"{""changed_files"": [""query_module.py""], ""missing_required_files"": [], ""trusted_score"": 1.0}",True,
template_interpreter__surface_deceptiveness=easy_hidden_depth=easy__seed-0,template_interpreter,weird_machine,weird_machine,0,"{""hidden_depth"": ""easy"", ""surface_deceptiveness"": ""easy""}",behavioral_reference,scored,PASS,1.0,pass,pass,[],"{""changed_files"": [""template_machine.py""], ""missing_required_files"": [], ""trusted_score"": 1.0}",True,
template_interpreter__surface_deceptiveness=easy_hidden_depth=hard__seed-0,template_interpreter,weird_machine,weird_machine,0,"{""hidden_depth"": ""hard"", ""surface_deceptiveness"": ""easy""}",behavioral_reference,scored,PASS,1.0,pass,pass,[],"{""changed_files"": [""template_machine.py""], ""missing_required_files"": [], ""trusted_score"": 1.0}",True,
template_interpreter__surface_deceptiveness=easy_hidden_depth=medium__seed-0,template_interpreter,weird_machine,weird_machine,0,"{""hidden_depth"": ""medium"", ""surface_deceptiveness"": ""easy""}",behavioral_reference,scored,PASS,1.0,pass,pass,[],"{""changed_files"": [""template_machine.py""], ""missing_required_files"": [], ""trusted_score"": 1.0}",True,
template_interpreter__surface_deceptiveness=hard_hidden_depth=easy__seed-0,template_interpreter,weird_machine,weird_machine,0,"{""hidden_depth"": ""easy"", ""surface_deceptiveness"": ""hard""}",behavioral_reference,scored,PASS,1.0,pass,pass,[],"{""changed_files"": [""template_machine.py""], ""missing_required_files"": [], ""trusted_score"": 1.0}",True,
template_interpreter__surface_deceptiveness=medium_hidden_depth=easy__seed-0,template_interpreter,weird_machine,weird_machine,0,"{""hidden_depth"": ""easy"", ""surface_deceptiveness"": ""medium""}",behavioral_reference,scored,PASS,1.0,pass,pass,[],"{""changed_files"": [""template_machine.py""], ""missing_required_files"": [], ""trusted_score"": 1.0}",True,
